,jaw.0.x,jaw.0.y,jaw.1.x,jaw.1.y,jaw.10.x,jaw.10.y,jaw.11.x,jaw.11.y,jaw.12.x,jaw.12.y,jaw.13.x,jaw.13.y,jaw.14.x,jaw.14.y,jaw.15.x,jaw.15.y,jaw.16.x,jaw.16.y,jaw.2.x,jaw.2.y,jaw.3.x,jaw.3.y,jaw.4.x,jaw.4.y,jaw.5.x,jaw.5.y,jaw.6.x,jaw.6.y,jaw.7.x,jaw.7.y,jaw.8.x,jaw.8.y,jaw.9.x,jaw.9.y,left_eye.42.x,left_eye.42.y,left_eye.43.x,left_eye.43.y,left_eye.44.x,left_eye.44.y,left_eye.45.x,left_eye.45.y,left_eye.46.x,left_eye.46.y,left_eye.47.x,left_eye.47.y,left_eyebrow.22.x,left_eyebrow.22.y,left_eyebrow.23.x,left_eyebrow.23.y,left_eyebrow.24.x,left_eyebrow.24.y,left_eyebrow.25.x,left_eyebrow.25.y,left_eyebrow.26.x,left_eyebrow.26.y,mouth.48.x,mouth.48.y,mouth.49.x,mouth.49.y,mouth.50.x,mouth.50.y,mouth.51.x,mouth.51.y,mouth.52.x,mouth.52.y,mouth.53.x,mouth.53.y,mouth.54.x,mouth.54.y,mouth.55.x,mouth.55.y,mouth.56.x,mouth.56.y,mouth.57.x,mouth.57.y,mouth.58.x,mouth.58.y,mouth.59.x,mouth.59.y,mouth.60.x,mouth.60.y,mouth.61.x,mouth.61.y,mouth.62.x,mouth.62.y,mouth.63.x,mouth.63.y,mouth.64.x,mouth.64.y,mouth.65.x,mouth.65.y,mouth.66.x,mouth.66.y,mouth.67.x,mouth.67.y,nframe,nose.27.x,nose.27.y,nose.28.x,nose.28.y,nose.29.x,nose.29.y,nose.30.x,nose.30.y,nose.31.x,nose.31.y,nose.32.x,nose.32.y,nose.33.x,nose.33.y,nose.34.x,nose.34.y,nose.35.x,nose.35.y,right_eye.36.x,right_eye.36.y,right_eye.37.x,right_eye.37.y,right_eye.38.x,right_eye.38.y,right_eye.39.x,right_eye.39.y,right_eye.40.x,right_eye.40.y,right_eye.41.x,right_eye.41.y,right_eyebrow.17.x,right_eyebrow.17.y,right_eyebrow.18.x,right_eyebrow.18.y,right_eyebrow.19.x,right_eyebrow.19.y,right_eyebrow.20.x,right_eyebrow.20.y,right_eyebrow.21.x,right_eyebrow.21.y,Target,Grimace
0,260.0,257.0,263.0,281.0,392.0,381.0,408.0,366.0,420.0,348.0,426.0,327.0,427.0,304.0,429.0,281.0,431.0,258.0,265.0,305.0,268.0,329.0,276.0,350.0,291.0,368.0,309.0,384.0,329.0,397.0,352.0,400.0,374.0,395.0,371.0,273.0,381.0,267.0,393.0,267.0,403.0,270.0,394.0,275.0,382.0,275.0,360.0,256.0,376.0,252.0,393.0,248.0,409.0,246.0,423.0,253.0,310.0,339.0,326.0,341.0,341.0,341.0,351.0,343.0,362.0,341.0,376.0,340.0,390.0,340.0,377.0,357.0,363.0,366.0,352.0,367.0,340.0,366.0,325.0,359.0,316.0,342.0,341.0,346.0,352.0,348.0,362.0,346.0,384.0,342.0,362.0,355.0,352.0,357.0,341.0,355.0,0.0,351.0,269.0,351.0,285.0,352.0,301.0,352.0,317.0,332.0,323.0,342.0,326.0,352.0,329.0,362.0,326.0,372.0,322.0,295.0,271.0,306.0,267.0,317.0,267.0,328.0,273.0,317.0,275.0,305.0,275.0,274.0,254.0,289.0,247.0,307.0,249.0,323.0,253.0,341.0,256.0,0,1
1,259.0,257.0,261.0,281.0,391.0,382.0,408.0,366.0,420.0,348.0,425.0,327.0,426.0,304.0,428.0,281.0,430.0,257.0,264.0,305.0,267.0,328.0,275.0,349.0,290.0,368.0,309.0,383.0,328.0,396.0,351.0,401.0,373.0,396.0,370.0,273.0,379.0,266.0,391.0,266.0,401.0,270.0,392.0,275.0,381.0,275.0,360.0,255.0,375.0,251.0,391.0,247.0,408.0,245.0,422.0,252.0,309.0,339.0,325.0,340.0,340.0,340.0,351.0,342.0,361.0,340.0,375.0,339.0,390.0,339.0,377.0,357.0,362.0,366.0,351.0,367.0,340.0,366.0,324.0,358.0,315.0,341.0,340.0,344.0,351.0,346.0,361.0,344.0,384.0,341.0,362.0,355.0,351.0,357.0,340.0,355.0,1.0,350.0,269.0,350.0,285.0,351.0,301.0,351.0,317.0,331.0,323.0,341.0,326.0,351.0,329.0,361.0,326.0,371.0,322.0,294.0,271.0,305.0,267.0,316.0,267.0,327.0,273.0,316.0,275.0,304.0,275.0,273.0,254.0,288.0,247.0,305.0,249.0,322.0,252.0,340.0,255.0,0,1
2,260.0,257.0,262.0,281.0,393.0,382.0,409.0,365.0,420.0,347.0,426.0,326.0,427.0,303.0,428.0,279.0,429.0,256.0,264.0,305.0,267.0,329.0,275.0,350.0,290.0,369.0,309.0,384.0,329.0,397.0,352.0,401.0,374.0,396.0,370.0,273.0,380.0,267.0,392.0,267.0,402.0,270.0,393.0,275.0,381.0,275.0,359.0,256.0,375.0,251.0,391.0,247.0,408.0,245.0,422.0,252.0,309.0,339.0,324.0,339.0,340.0,340.0,350.0,342.0,361.0,340.0,376.0,339.0,391.0,339.0,377.0,358.0,362.0,366.0,351.0,368.0,339.0,366.0,324.0,359.0,314.0,342.0,340.0,345.0,351.0,347.0,361.0,345.0,385.0,342.0,362.0,355.0,351.0,357.0,340.0,355.0,2.0,350.0,269.0,350.0,285.0,351.0,301.0,351.0,317.0,330.0,322.0,340.0,326.0,351.0,330.0,361.0,326.0,370.0,322.0,294.0,271.0,305.0,267.0,317.0,267.0,327.0,273.0,316.0,276.0,304.0,275.0,274.0,254.0,288.0,247.0,306.0,249.0,323.0,253.0,340.0,256.0,0,1
3,259.0,256.0,262.0,280.0,392.0,382.0,409.0,366.0,421.0,347.0,426.0,326.0,427.0,302.0,428.0,279.0,430.0,254.0,265.0,304.0,268.0,327.0,276.0,349.0,290.0,368.0,308.0,383.0,328.0,397.0,351.0,401.0,373.0,396.0,370.0,273.0,380.0,266.0,392.0,266.0,402.0,270.0,393.0,275.0,381.0,275.0,360.0,256.0,375.0,251.0,391.0,247.0,408.0,244.0,422.0,251.0,309.0,339.0,325.0,339.0,341.0,340.0,351.0,342.0,362.0,340.0,376.0,339.0,391.0,338.0,377.0,358.0,363.0,367.0,352.0,368.0,340.0,367.0,324.0,359.0,314.0,341.0,340.0,345.0,352.0,347.0,362.0,345.0,385.0,341.0,362.0,356.0,352.0,357.0,340.0,356.0,3.0,350.0,270.0,350.0,285.0,351.0,301.0,351.0,318.0,331.0,323.0,341.0,326.0,352.0,330.0,362.0,326.0,371.0,322.0,294.0,270.0,305.0,267.0,317.0,266.0,327.0,273.0,316.0,276.0,304.0,275.0,273.0,254.0,288.0,247.0,305.0,249.0,322.0,252.0,340.0,256.0,0,1
4,260.0,257.0,262.0,281.0,392.0,382.0,409.0,366.0,421.0,348.0,426.0,326.0,427.0,303.0,429.0,280.0,430.0,256.0,265.0,305.0,268.0,329.0,276.0,350.0,292.0,369.0,310.0,384.0,330.0,397.0,353.0,401.0,374.0,396.0,369.0,273.0,379.0,266.0,392.0,266.0,402.0,270.0,393.0,275.0,381.0,275.0,360.0,256.0,376.0,251.0,391.0,247.0,408.0,244.0,422.0,250.0,309.0,338.0,324.0,339.0,340.0,340.0,351.0,342.0,361.0,340.0,376.0,339.0,391.0,339.0,378.0,359.0,362.0,367.0,351.0,369.0,339.0,367.0,323.0,359.0,314.0,341.0,340.0,345.0,351.0,347.0,361.0,346.0,385.0,342.0,362.0,356.0,351.0,357.0,340.0,356.0,4.0,350.0,270.0,351.0,285.0,351.0,301.0,352.0,317.0,331.0,323.0,341.0,326.0,352.0,329.0,362.0,326.0,371.0,322.0,294.0,271.0,305.0,267.0,317.0,266.0,328.0,273.0,317.0,276.0,304.0,276.0,274.0,254.0,289.0,247.0,306.0,249.0,322.0,253.0,340.0,256.0,0,1
5,260.0,257.0,262.0,281.0,392.0,382.0,409.0,366.0,421.0,348.0,426.0,327.0,427.0,304.0,429.0,281.0,431.0,256.0,265.0,305.0,268.0,329.0,276.0,350.0,291.0,368.0,310.0,383.0,330.0,396.0,353.0,400.0,374.0,395.0,371.0,273.0,380.0,267.0,392.0,267.0,402.0,270.0,393.0,275.0,382.0,275.0,360.0,256.0,376.0,251.0,392.0,247.0,408.0,245.0,423.0,251.0,309.0,339.0,325.0,340.0,340.0,340.0,351.0,342.0,362.0,340.0,377.0,340.0,391.0,339.0,378.0,359.0,363.0,367.0,352.0,368.0,340.0,367.0,324.0,359.0,315.0,342.0,340.0,345.0,352.0,347.0,362.0,346.0,385.0,342.0,363.0,356.0,352.0,357.0,340.0,355.0,5.0,351.0,269.0,351.0,285.0,352.0,301.0,352.0,317.0,331.0,322.0,341.0,326.0,352.0,329.0,362.0,326.0,371.0,322.0,294.0,271.0,305.0,268.0,317.0,267.0,328.0,273.0,316.0,276.0,305.0,276.0,273.0,254.0,288.0,247.0,306.0,249.0,323.0,253.0,341.0,256.0,0,1
6,260.0,257.0,263.0,281.0,392.0,383.0,408.0,368.0,420.0,350.0,426.0,328.0,427.0,305.0,429.0,281.0,431.0,257.0,265.0,305.0,268.0,328.0,276.0,350.0,291.0,368.0,309.0,383.0,329.0,396.0,352.0,400.0,373.0,396.0,371.0,273.0,380.0,267.0,392.0,267.0,403.0,270.0,393.0,275.0,382.0,275.0,359.0,256.0,375.0,252.0,391.0,248.0,408.0,245.0,423.0,251.0,308.0,339.0,324.0,339.0,340.0,340.0,351.0,342.0,362.0,340.0,377.0,340.0,392.0,340.0,378.0,359.0,363.0,367.0,352.0,369.0,340.0,367.0,324.0,359.0,314.0,341.0,340.0,346.0,351.0,347.0,362.0,346.0,386.0,342.0,363.0,356.0,352.0,357.0,340.0,355.0,6.0,351.0,269.0,351.0,285.0,352.0,301.0,352.0,318.0,332.0,323.0,342.0,326.0,352.0,330.0,362.0,326.0,371.0,323.0,294.0,270.0,305.0,267.0,317.0,267.0,328.0,273.0,316.0,275.0,305.0,275.0,274.0,254.0,289.0,247.0,307.0,249.0,323.0,252.0,341.0,256.0,0,1
7,260.0,257.0,262.0,281.0,393.0,382.0,409.0,367.0,421.0,349.0,426.0,327.0,427.0,305.0,428.0,282.0,430.0,258.0,265.0,305.0,268.0,329.0,276.0,350.0,291.0,369.0,310.0,384.0,331.0,397.0,353.0,400.0,375.0,396.0,371.0,274.0,380.0,267.0,392.0,267.0,403.0,271.0,393.0,275.0,382.0,276.0,360.0,257.0,376.0,252.0,392.0,248.0,409.0,245.0,423.0,252.0,308.0,338.0,324.0,339.0,340.0,340.0,351.0,342.0,362.0,340.0,377.0,340.0,392.0,340.0,378.0,359.0,363.0,367.0,351.0,368.0,339.0,367.0,323.0,358.0,313.0,341.0,340.0,346.0,351.0,347.0,362.0,346.0,386.0,342.0,363.0,356.0,351.0,358.0,339.0,356.0,7.0,351.0,269.0,351.0,285.0,352.0,302.0,352.0,318.0,331.0,323.0,341.0,326.0,352.0,330.0,362.0,326.0,372.0,323.0,294.0,271.0,305.0,267.0,317.0,267.0,327.0,273.0,316.0,275.0,305.0,275.0,274.0,254.0,289.0,247.0,307.0,248.0,323.0,252.0,341.0,256.0,0,1
8,260.0,258.0,263.0,282.0,394.0,382.0,410.0,366.0,422.0,348.0,426.0,327.0,427.0,304.0,429.0,281.0,431.0,256.0,265.0,305.0,269.0,329.0,276.0,351.0,291.0,370.0,310.0,385.0,331.0,397.0,354.0,401.0,376.0,396.0,370.0,273.0,380.0,266.0,392.0,266.0,403.0,270.0,394.0,275.0,382.0,275.0,360.0,256.0,376.0,252.0,392.0,248.0,409.0,245.0,424.0,252.0,307.0,339.0,324.0,340.0,340.0,340.0,352.0,343.0,363.0,340.0,377.0,340.0,391.0,340.0,378.0,359.0,364.0,367.0,352.0,369.0,340.0,367.0,323.0,360.0,313.0,342.0,340.0,346.0,352.0,348.0,363.0,346.0,386.0,342.0,363.0,356.0,352.0,357.0,340.0,356.0,8.0,351.0,270.0,351.0,285.0,352.0,301.0,352.0,317.0,332.0,323.0,342.0,327.0,352.0,330.0,362.0,327.0,372.0,323.0,294.0,271.0,304.0,267.0,316.0,266.0,328.0,273.0,316.0,275.0,304.0,275.0,273.0,254.0,288.0,247.0,306.0,248.0,322.0,252.0,340.0,256.0,0,1
9,260.0,258.0,263.0,282.0,395.0,381.0,411.0,366.0,423.0,348.0,427.0,326.0,428.0,304.0,429.0,281.0,431.0,257.0,266.0,306.0,269.0,330.0,276.0,352.0,291.0,370.0,311.0,384.0,332.0,396.0,355.0,400.0,377.0,395.0,371.0,273.0,381.0,265.0,393.0,265.0,403.0,270.0,394.0,275.0,382.0,275.0,360.0,256.0,376.0,251.0,393.0,247.0,410.0,244.0,423.0,250.0,310.0,341.0,326.0,343.0,341.0,343.0,352.0,345.0,362.0,343.0,377.0,342.0,392.0,340.0,379.0,359.0,364.0,366.0,353.0,368.0,341.0,367.0,326.0,360.0,316.0,344.0,341.0,348.0,352.0,350.0,363.0,348.0,386.0,343.0,363.0,356.0,353.0,358.0,341.0,356.0,9.0,351.0,270.0,352.0,285.0,352.0,301.0,353.0,317.0,333.0,324.0,343.0,327.0,353.0,330.0,362.0,327.0,371.0,324.0,294.0,270.0,305.0,266.0,317.0,266.0,328.0,274.0,316.0,276.0,304.0,275.0,274.0,253.0,289.0,246.0,307.0,248.0,323.0,252.0,341.0,256.0,0,1
10,261.0,259.0,263.0,283.0,397.0,381.0,413.0,365.0,423.0,347.0,427.0,325.0,428.0,303.0,430.0,280.0,432.0,257.0,266.0,306.0,269.0,330.0,277.0,352.0,292.0,371.0,312.0,386.0,333.0,398.0,356.0,401.0,379.0,396.0,371.0,274.0,382.0,265.0,394.0,264.0,405.0,269.0,396.0,276.0,383.0,276.0,364.0,250.0,380.0,244.0,395.0,239.0,412.0,238.0,425.0,246.0,312.0,345.0,328.0,346.0,343.0,345.0,353.0,347.0,362.0,345.0,377.0,345.0,392.0,344.0,378.0,361.0,364.0,368.0,354.0,369.0,343.0,368.0,327.0,363.0,318.0,348.0,343.0,351.0,353.0,353.0,363.0,351.0,386.0,347.0,363.0,358.0,354.0,359.0,343.0,358.0,10.0,352.0,268.0,352.0,284.0,353.0,300.0,353.0,316.0,334.0,325.0,343.0,328.0,353.0,331.0,362.0,328.0,371.0,325.0,293.0,270.0,305.0,265.0,317.0,266.0,329.0,274.0,316.0,277.0,303.0,276.0,274.0,248.0,288.0,241.0,306.0,242.0,322.0,246.0,339.0,251.0,0,1
11,260.0,256.0,263.0,281.0,396.0,383.0,412.0,367.0,422.0,348.0,426.0,326.0,428.0,303.0,430.0,279.0,432.0,255.0,266.0,305.0,270.0,329.0,278.0,351.0,292.0,370.0,311.0,386.0,333.0,399.0,356.0,402.0,378.0,397.0,371.0,272.0,382.0,264.0,395.0,264.0,405.0,268.0,396.0,275.0,383.0,276.0,365.0,246.0,380.0,237.0,397.0,231.0,414.0,231.0,426.0,242.0,315.0,351.0,329.0,349.0,343.0,348.0,353.0,350.0,363.0,348.0,376.0,349.0,390.0,349.0,378.0,366.0,365.0,372.0,354.0,373.0,343.0,372.0,329.0,367.0,321.0,353.0,343.0,355.0,353.0,356.0,363.0,355.0,383.0,352.0,364.0,360.0,354.0,362.0,343.0,360.0,12.0,352.0,266.0,352.0,282.0,353.0,299.0,353.0,316.0,334.0,326.0,343.0,329.0,353.0,331.0,363.0,329.0,372.0,326.0,294.0,269.0,305.0,265.0,317.0,265.0,329.0,272.0,317.0,276.0,304.0,275.0,273.0,242.0,286.0,232.0,305.0,233.0,322.0,238.0,338.0,246.0,0,1
12,259.0,255.0,262.0,280.0,396.0,382.0,412.0,366.0,422.0,346.0,426.0,324.0,428.0,301.0,430.0,277.0,432.0,252.0,266.0,305.0,270.0,329.0,278.0,352.0,293.0,371.0,313.0,387.0,334.0,399.0,357.0,402.0,379.0,397.0,371.0,273.0,381.0,265.0,394.0,264.0,405.0,268.0,396.0,276.0,383.0,276.0,366.0,244.0,381.0,236.0,396.0,231.0,413.0,231.0,425.0,241.0,316.0,351.0,330.0,350.0,343.0,348.0,353.0,351.0,363.0,348.0,376.0,350.0,389.0,349.0,378.0,366.0,365.0,372.0,355.0,373.0,344.0,372.0,330.0,367.0,322.0,353.0,344.0,357.0,354.0,358.0,363.0,356.0,383.0,352.0,364.0,360.0,354.0,361.0,344.0,360.0,13.0,352.0,265.0,352.0,282.0,353.0,299.0,353.0,316.0,335.0,326.0,344.0,329.0,354.0,331.0,363.0,329.0,371.0,326.0,294.0,269.0,305.0,264.0,318.0,265.0,329.0,272.0,317.0,276.0,304.0,276.0,273.0,241.0,287.0,231.0,305.0,232.0,321.0,237.0,337.0,244.0,0,1
13,260.0,257.0,263.0,282.0,397.0,382.0,412.0,366.0,422.0,347.0,427.0,325.0,428.0,303.0,430.0,280.0,432.0,256.0,266.0,306.0,270.0,330.0,279.0,352.0,293.0,371.0,312.0,386.0,334.0,398.0,357.0,401.0,378.0,396.0,371.0,273.0,381.0,265.0,394.0,264.0,405.0,268.0,396.0,275.0,383.0,276.0,365.0,244.0,380.0,236.0,396.0,231.0,413.0,231.0,425.0,241.0,316.0,351.0,330.0,350.0,343.0,348.0,353.0,351.0,362.0,348.0,375.0,350.0,389.0,350.0,377.0,365.0,364.0,371.0,354.0,372.0,344.0,371.0,330.0,366.0,322.0,353.0,344.0,357.0,354.0,358.0,363.0,356.0,382.0,352.0,363.0,359.0,354.0,360.0,344.0,359.0,14.0,351.0,266.0,352.0,283.0,352.0,299.0,353.0,316.0,334.0,326.0,343.0,329.0,353.0,331.0,362.0,329.0,371.0,326.0,294.0,269.0,305.0,264.0,318.0,265.0,329.0,272.0,317.0,276.0,304.0,275.0,273.0,241.0,287.0,232.0,305.0,232.0,321.0,237.0,337.0,245.0,0,1
14,259.0,258.0,263.0,283.0,396.0,382.0,411.0,366.0,421.0,347.0,426.0,325.0,427.0,303.0,430.0,279.0,432.0,255.0,267.0,307.0,272.0,331.0,280.0,353.0,295.0,371.0,314.0,386.0,335.0,398.0,357.0,401.0,378.0,396.0,371.0,272.0,382.0,264.0,395.0,264.0,405.0,268.0,396.0,275.0,383.0,276.0,366.0,244.0,380.0,236.0,397.0,231.0,413.0,231.0,425.0,241.0,317.0,349.0,331.0,349.0,344.0,349.0,354.0,351.0,362.0,348.0,375.0,349.0,389.0,348.0,377.0,363.0,365.0,369.0,355.0,370.0,345.0,369.0,331.0,364.0,323.0,352.0,344.0,356.0,354.0,357.0,363.0,355.0,382.0,351.0,364.0,358.0,355.0,359.0,345.0,358.0,15.0,352.0,265.0,352.0,282.0,353.0,299.0,354.0,316.0,335.0,325.0,344.0,328.0,354.0,331.0,363.0,328.0,371.0,325.0,294.0,268.0,305.0,264.0,318.0,264.0,330.0,272.0,317.0,276.0,304.0,276.0,273.0,241.0,286.0,231.0,304.0,231.0,321.0,236.0,336.0,244.0,0,1
15,260.0,256.0,262.0,281.0,396.0,382.0,411.0,366.0,422.0,347.0,426.0,325.0,428.0,302.0,430.0,278.0,432.0,253.0,266.0,305.0,270.0,329.0,279.0,352.0,293.0,370.0,313.0,386.0,334.0,398.0,356.0,401.0,377.0,396.0,371.0,272.0,382.0,264.0,395.0,263.0,405.0,268.0,396.0,275.0,383.0,275.0,365.0,244.0,380.0,235.0,396.0,230.0,413.0,231.0,425.0,241.0,316.0,348.0,331.0,350.0,344.0,349.0,353.0,352.0,361.0,349.0,373.0,349.0,388.0,348.0,375.0,362.0,363.0,367.0,354.0,368.0,345.0,367.0,331.0,363.0,322.0,351.0,344.0,355.0,353.0,357.0,362.0,355.0,382.0,350.0,362.0,357.0,354.0,358.0,345.0,357.0,16.0,352.0,265.0,352.0,282.0,353.0,299.0,353.0,316.0,335.0,325.0,344.0,328.0,353.0,331.0,362.0,329.0,370.0,326.0,294.0,268.0,305.0,264.0,317.0,264.0,329.0,272.0,317.0,275.0,303.0,275.0,272.0,241.0,286.0,231.0,304.0,231.0,321.0,236.0,337.0,244.0,0,1
16,258.0,255.0,262.0,280.0,396.0,381.0,411.0,366.0,421.0,346.0,426.0,324.0,428.0,301.0,430.0,277.0,432.0,253.0,266.0,305.0,270.0,329.0,280.0,351.0,294.0,370.0,313.0,385.0,334.0,397.0,357.0,400.0,378.0,395.0,370.0,271.0,381.0,264.0,394.0,263.0,404.0,268.0,395.0,275.0,382.0,275.0,365.0,243.0,379.0,235.0,395.0,231.0,412.0,230.0,424.0,240.0,319.0,349.0,334.0,350.0,347.0,349.0,355.0,351.0,362.0,348.0,374.0,349.0,388.0,347.0,376.0,361.0,365.0,366.0,356.0,367.0,348.0,367.0,335.0,363.0,325.0,351.0,347.0,356.0,355.0,357.0,363.0,355.0,382.0,349.0,364.0,356.0,356.0,357.0,347.0,356.0,17.0,351.0,265.0,352.0,282.0,353.0,299.0,354.0,316.0,336.0,325.0,344.0,328.0,354.0,330.0,362.0,328.0,370.0,325.0,293.0,268.0,304.0,263.0,317.0,264.0,328.0,271.0,316.0,275.0,303.0,275.0,272.0,239.0,286.0,230.0,304.0,231.0,321.0,236.0,337.0,243.0,0,1
17,259.0,256.0,262.0,280.0,395.0,382.0,410.0,366.0,421.0,346.0,426.0,324.0,428.0,301.0,430.0,278.0,431.0,254.0,266.0,304.0,270.0,328.0,278.0,350.0,292.0,369.0,311.0,385.0,332.0,397.0,355.0,400.0,376.0,395.0,370.0,271.0,381.0,263.0,394.0,263.0,404.0,268.0,395.0,275.0,382.0,276.0,365.0,243.0,379.0,235.0,395.0,230.0,411.0,230.0,423.0,239.0,320.0,352.0,334.0,351.0,346.0,349.0,354.0,351.0,360.0,349.0,370.0,351.0,383.0,351.0,372.0,362.0,361.0,366.0,354.0,367.0,347.0,367.0,335.0,363.0,326.0,353.0,346.0,357.0,354.0,357.0,360.0,356.0,377.0,353.0,360.0,356.0,354.0,357.0,347.0,356.0,18.0,351.0,265.0,352.0,282.0,353.0,298.0,354.0,315.0,336.0,325.0,345.0,328.0,354.0,330.0,362.0,328.0,370.0,325.0,294.0,267.0,305.0,263.0,317.0,263.0,329.0,271.0,317.0,275.0,303.0,275.0,273.0,239.0,287.0,230.0,305.0,230.0,322.0,235.0,337.0,243.0,0,1
18,259.0,257.0,262.0,282.0,393.0,383.0,409.0,367.0,419.0,348.0,425.0,326.0,427.0,303.0,430.0,279.0,431.0,255.0,266.0,306.0,271.0,329.0,279.0,351.0,292.0,369.0,311.0,385.0,331.0,397.0,354.0,401.0,375.0,396.0,370.0,271.0,380.0,263.0,394.0,262.0,404.0,267.0,395.0,275.0,382.0,275.0,365.0,243.0,380.0,235.0,395.0,230.0,412.0,229.0,424.0,239.0,322.0,354.0,335.0,352.0,345.0,350.0,352.0,352.0,358.0,350.0,368.0,353.0,379.0,355.0,369.0,365.0,360.0,368.0,353.0,369.0,346.0,368.0,335.0,364.0,328.0,355.0,345.0,358.0,353.0,359.0,359.0,358.0,374.0,356.0,359.0,358.0,353.0,359.0,346.0,358.0,19.0,352.0,265.0,352.0,282.0,353.0,299.0,354.0,316.0,336.0,326.0,344.0,329.0,353.0,331.0,362.0,329.0,369.0,327.0,294.0,267.0,304.0,263.0,317.0,263.0,328.0,271.0,316.0,275.0,303.0,275.0,272.0,239.0,286.0,230.0,304.0,230.0,320.0,235.0,336.0,243.0,0,1
19,259.0,256.0,262.0,282.0,391.0,383.0,407.0,368.0,418.0,349.0,424.0,327.0,426.0,304.0,429.0,280.0,431.0,255.0,266.0,306.0,271.0,330.0,279.0,351.0,293.0,370.0,311.0,385.0,332.0,396.0,353.0,401.0,374.0,396.0,370.0,271.0,381.0,263.0,394.0,262.0,404.0,266.0,395.0,275.0,382.0,275.0,365.0,245.0,379.0,236.0,395.0,231.0,412.0,230.0,423.0,240.0,324.0,355.0,337.0,354.0,347.0,352.0,353.0,354.0,358.0,351.0,367.0,354.0,377.0,356.0,368.0,366.0,360.0,369.0,353.0,370.0,347.0,369.0,336.0,366.0,330.0,356.0,347.0,358.0,353.0,360.0,359.0,359.0,371.0,357.0,359.0,357.0,353.0,358.0,347.0,358.0,20.0,352.0,265.0,353.0,282.0,354.0,299.0,354.0,316.0,337.0,327.0,345.0,329.0,354.0,331.0,362.0,329.0,369.0,327.0,294.0,267.0,304.0,262.0,317.0,262.0,329.0,271.0,316.0,275.0,303.0,275.0,272.0,240.0,287.0,230.0,305.0,232.0,321.0,237.0,337.0,245.0,0,1
20,260.0,257.0,263.0,282.0,390.0,385.0,406.0,370.0,417.0,351.0,424.0,329.0,426.0,306.0,429.0,281.0,431.0,256.0,267.0,307.0,271.0,331.0,280.0,353.0,293.0,371.0,311.0,386.0,331.0,397.0,352.0,401.0,373.0,397.0,371.0,271.0,381.0,262.0,394.0,262.0,404.0,267.0,395.0,274.0,382.0,275.0,365.0,243.0,380.0,235.0,396.0,230.0,412.0,229.0,424.0,239.0,323.0,356.0,335.0,355.0,346.0,354.0,353.0,356.0,359.0,354.0,368.0,355.0,379.0,356.0,369.0,365.0,360.0,369.0,353.0,370.0,346.0,369.0,335.0,365.0,329.0,357.0,346.0,359.0,353.0,360.0,359.0,359.0,374.0,357.0,360.0,359.0,353.0,360.0,346.0,359.0,21.0,352.0,265.0,352.0,282.0,353.0,299.0,354.0,316.0,336.0,326.0,344.0,329.0,353.0,331.0,362.0,329.0,369.0,326.0,294.0,267.0,304.0,262.0,317.0,263.0,329.0,271.0,316.0,275.0,303.0,275.0,272.0,240.0,286.0,230.0,304.0,231.0,321.0,236.0,337.0,244.0,0,1
21,258.0,255.0,262.0,281.0,391.0,384.0,407.0,369.0,418.0,350.0,425.0,327.0,428.0,304.0,430.0,280.0,432.0,254.0,266.0,305.0,271.0,329.0,280.0,351.0,293.0,370.0,311.0,386.0,331.0,397.0,353.0,401.0,374.0,397.0,371.0,271.0,381.0,262.0,394.0,262.0,404.0,267.0,395.0,274.0,382.0,274.0,366.0,242.0,381.0,234.0,396.0,229.0,412.0,230.0,424.0,239.0,323.0,356.0,335.0,355.0,344.0,354.0,351.0,356.0,357.0,354.0,366.0,355.0,378.0,356.0,368.0,366.0,359.0,369.0,352.0,370.0,345.0,369.0,335.0,366.0,328.0,357.0,345.0,359.0,351.0,360.0,357.0,359.0,372.0,357.0,358.0,360.0,352.0,361.0,345.0,359.0,22.0,352.0,265.0,352.0,282.0,353.0,299.0,353.0,316.0,336.0,327.0,344.0,329.0,353.0,331.0,361.0,329.0,369.0,327.0,294.0,267.0,305.0,263.0,318.0,263.0,329.0,271.0,317.0,275.0,304.0,275.0,273.0,239.0,286.0,230.0,304.0,230.0,321.0,236.0,336.0,243.0,0,1
22,259.0,256.0,263.0,282.0,391.0,385.0,406.0,369.0,418.0,350.0,424.0,327.0,427.0,304.0,430.0,280.0,432.0,255.0,267.0,307.0,272.0,330.0,280.0,352.0,294.0,371.0,311.0,386.0,331.0,398.0,353.0,402.0,373.0,398.0,370.0,271.0,380.0,262.0,393.0,262.0,404.0,266.0,395.0,275.0,382.0,275.0,367.0,241.0,381.0,234.0,397.0,229.0,413.0,229.0,424.0,239.0,323.0,356.0,334.0,355.0,344.0,354.0,351.0,356.0,358.0,354.0,366.0,356.0,377.0,357.0,368.0,367.0,359.0,370.0,352.0,371.0,345.0,370.0,335.0,366.0,328.0,357.0,344.0,359.0,351.0,360.0,358.0,359.0,371.0,358.0,358.0,360.0,352.0,361.0,345.0,359.0,23.0,352.0,265.0,352.0,282.0,353.0,298.0,354.0,315.0,336.0,326.0,344.0,329.0,353.0,331.0,361.0,329.0,369.0,326.0,294.0,267.0,305.0,262.0,317.0,262.0,329.0,271.0,317.0,275.0,303.0,275.0,273.0,239.0,285.0,229.0,303.0,229.0,319.0,234.0,334.0,241.0,0,1
23,260.0,256.0,262.0,281.0,390.0,384.0,406.0,369.0,418.0,350.0,425.0,327.0,428.0,304.0,430.0,279.0,432.0,254.0,266.0,305.0,271.0,328.0,279.0,350.0,292.0,369.0,309.0,385.0,329.0,397.0,351.0,401.0,372.0,397.0,370.0,270.0,380.0,262.0,393.0,262.0,403.0,266.0,395.0,274.0,382.0,274.0,366.0,242.0,380.0,234.0,396.0,229.0,412.0,229.0,424.0,239.0,323.0,357.0,334.0,355.0,344.0,354.0,351.0,356.0,357.0,354.0,366.0,355.0,376.0,357.0,367.0,367.0,359.0,371.0,352.0,372.0,344.0,371.0,335.0,367.0,328.0,358.0,344.0,359.0,351.0,360.0,357.0,359.0,371.0,358.0,358.0,360.0,351.0,361.0,344.0,360.0,24.0,351.0,265.0,352.0,282.0,353.0,298.0,354.0,315.0,336.0,326.0,344.0,329.0,353.0,331.0,361.0,329.0,369.0,326.0,294.0,267.0,304.0,263.0,317.0,262.0,329.0,270.0,317.0,275.0,303.0,275.0,273.0,239.0,286.0,230.0,303.0,230.0,319.0,234.0,335.0,242.0,0,1
24,259.0,255.0,262.0,281.0,389.0,385.0,405.0,370.0,417.0,351.0,423.0,329.0,426.0,305.0,429.0,281.0,431.0,256.0,266.0,306.0,271.0,330.0,279.0,352.0,293.0,371.0,310.0,386.0,330.0,398.0,351.0,402.0,371.0,398.0,371.0,270.0,381.0,262.0,394.0,262.0,404.0,266.0,395.0,274.0,382.0,274.0,365.0,242.0,380.0,234.0,396.0,229.0,413.0,229.0,424.0,240.0,322.0,357.0,334.0,355.0,344.0,353.0,351.0,355.0,357.0,353.0,366.0,355.0,377.0,357.0,368.0,368.0,359.0,373.0,352.0,374.0,344.0,373.0,334.0,368.0,328.0,358.0,344.0,359.0,351.0,360.0,358.0,359.0,372.0,358.0,358.0,360.0,352.0,361.0,344.0,360.0,25.0,351.0,265.0,352.0,281.0,353.0,298.0,353.0,315.0,336.0,327.0,344.0,329.0,353.0,330.0,361.0,329.0,369.0,326.0,294.0,267.0,304.0,263.0,317.0,263.0,328.0,271.0,316.0,275.0,303.0,275.0,273.0,239.0,286.0,229.0,304.0,229.0,321.0,235.0,337.0,243.0,0,1
25,258.0,257.0,261.0,282.0,390.0,385.0,406.0,370.0,418.0,351.0,425.0,329.0,428.0,306.0,431.0,282.0,433.0,257.0,266.0,307.0,271.0,330.0,279.0,352.0,292.0,371.0,310.0,386.0,330.0,398.0,352.0,401.0,372.0,398.0,370.0,270.0,381.0,262.0,394.0,262.0,404.0,266.0,395.0,274.0,382.0,274.0,365.0,242.0,379.0,233.0,395.0,229.0,412.0,229.0,424.0,239.0,322.0,357.0,333.0,354.0,343.0,352.0,351.0,354.0,358.0,352.0,366.0,354.0,376.0,358.0,367.0,368.0,359.0,372.0,351.0,373.0,343.0,372.0,333.0,368.0,327.0,358.0,343.0,358.0,351.0,360.0,358.0,358.0,370.0,359.0,358.0,360.0,351.0,361.0,343.0,360.0,26.0,351.0,264.0,352.0,281.0,353.0,297.0,353.0,314.0,336.0,326.0,344.0,329.0,353.0,331.0,361.0,329.0,369.0,326.0,294.0,267.0,305.0,262.0,317.0,263.0,329.0,270.0,317.0,274.0,304.0,274.0,272.0,239.0,286.0,230.0,304.0,230.0,321.0,234.0,336.0,242.0,0,1
26,259.0,255.0,262.0,281.0,390.0,384.0,406.0,369.0,418.0,349.0,424.0,327.0,427.0,304.0,430.0,280.0,432.0,255.0,266.0,305.0,271.0,329.0,279.0,351.0,292.0,371.0,310.0,386.0,330.0,398.0,352.0,402.0,373.0,397.0,370.0,270.0,381.0,262.0,394.0,262.0,404.0,267.0,395.0,274.0,382.0,274.0,365.0,242.0,380.0,234.0,396.0,229.0,413.0,230.0,425.0,239.0,322.0,358.0,332.0,352.0,343.0,348.0,351.0,351.0,358.0,349.0,367.0,353.0,376.0,359.0,368.0,369.0,359.0,374.0,351.0,375.0,342.0,374.0,332.0,370.0,328.0,359.0,343.0,357.0,351.0,358.0,358.0,357.0,369.0,359.0,358.0,361.0,351.0,362.0,343.0,361.0,27.0,352.0,264.0,352.0,281.0,353.0,297.0,354.0,314.0,336.0,325.0,344.0,328.0,353.0,330.0,362.0,328.0,369.0,326.0,293.0,267.0,304.0,263.0,317.0,263.0,329.0,270.0,316.0,275.0,303.0,275.0,272.0,239.0,286.0,230.0,304.0,230.0,320.0,235.0,336.0,242.0,0,1
27,259.0,254.0,262.0,280.0,390.0,384.0,406.0,369.0,418.0,350.0,424.0,328.0,427.0,304.0,430.0,280.0,432.0,254.0,265.0,304.0,270.0,328.0,278.0,351.0,292.0,370.0,310.0,386.0,330.0,398.0,352.0,402.0,373.0,398.0,370.0,270.0,381.0,263.0,394.0,262.0,404.0,266.0,395.0,274.0,382.0,274.0,365.0,241.0,380.0,234.0,395.0,229.0,411.0,229.0,423.0,238.0,322.0,357.0,331.0,349.0,342.0,346.0,351.0,348.0,358.0,346.0,368.0,351.0,375.0,359.0,368.0,371.0,358.0,377.0,350.0,378.0,341.0,377.0,331.0,371.0,328.0,358.0,342.0,355.0,351.0,356.0,358.0,355.0,369.0,359.0,358.0,363.0,350.0,364.0,342.0,363.0,28.0,352.0,264.0,352.0,281.0,353.0,298.0,353.0,314.0,335.0,325.0,344.0,327.0,353.0,329.0,361.0,328.0,369.0,325.0,294.0,267.0,305.0,263.0,317.0,263.0,329.0,270.0,316.0,275.0,303.0,274.0,273.0,239.0,286.0,230.0,304.0,229.0,320.0,234.0,336.0,242.0,0,1
28,261.0,255.0,263.0,281.0,389.0,386.0,405.0,370.0,417.0,351.0,424.0,329.0,428.0,306.0,430.0,281.0,431.0,257.0,266.0,306.0,271.0,330.0,280.0,352.0,294.0,371.0,311.0,388.0,331.0,400.0,352.0,403.0,372.0,399.0,371.0,271.0,382.0,263.0,394.0,263.0,405.0,267.0,396.0,274.0,383.0,274.0,365.0,241.0,380.0,234.0,395.0,229.0,411.0,229.0,423.0,238.0,320.0,356.0,330.0,347.0,342.0,344.0,350.0,346.0,357.0,345.0,368.0,350.0,376.0,358.0,368.0,373.0,358.0,380.0,349.0,380.0,341.0,379.0,330.0,371.0,326.0,356.0,342.0,354.0,350.0,355.0,357.0,354.0,370.0,359.0,357.0,364.0,349.0,365.0,341.0,363.0,29.0,352.0,265.0,352.0,282.0,352.0,298.0,352.0,315.0,334.0,325.0,343.0,328.0,352.0,330.0,361.0,328.0,369.0,326.0,294.0,267.0,304.0,263.0,317.0,263.0,329.0,270.0,316.0,274.0,303.0,274.0,275.0,238.0,288.0,229.0,305.0,229.0,321.0,234.0,336.0,242.0,0,1
29,260.0,255.0,262.0,281.0,390.0,385.0,406.0,370.0,417.0,350.0,424.0,328.0,427.0,305.0,430.0,280.0,432.0,255.0,266.0,305.0,271.0,330.0,280.0,352.0,294.0,371.0,312.0,388.0,331.0,400.0,352.0,403.0,373.0,399.0,371.0,270.0,381.0,263.0,394.0,262.0,404.0,267.0,395.0,274.0,382.0,274.0,365.0,242.0,379.0,234.0,395.0,229.0,412.0,228.0,423.0,238.0,322.0,356.0,331.0,347.0,342.0,342.0,350.0,345.0,357.0,344.0,368.0,349.0,375.0,359.0,368.0,375.0,358.0,381.0,349.0,381.0,341.0,380.0,330.0,372.0,328.0,357.0,342.0,352.0,350.0,353.0,357.0,353.0,369.0,360.0,357.0,367.0,349.0,367.0,341.0,365.0,30.0,352.0,265.0,352.0,282.0,353.0,298.0,353.0,315.0,335.0,325.0,343.0,327.0,352.0,329.0,361.0,328.0,369.0,326.0,294.0,267.0,305.0,263.0,317.0,263.0,329.0,270.0,317.0,274.0,304.0,274.0,274.0,238.0,288.0,229.0,305.0,230.0,322.0,235.0,337.0,242.0,0,1
30,261.0,257.0,263.0,282.0,389.0,386.0,406.0,371.0,418.0,352.0,424.0,330.0,428.0,307.0,431.0,284.0,433.0,259.0,267.0,306.0,272.0,331.0,280.0,353.0,294.0,372.0,312.0,388.0,331.0,400.0,352.0,404.0,372.0,399.0,371.0,271.0,382.0,263.0,395.0,262.0,405.0,267.0,396.0,274.0,383.0,274.0,366.0,241.0,380.0,234.0,395.0,230.0,411.0,230.0,422.0,239.0,321.0,354.0,331.0,346.0,342.0,342.0,350.0,345.0,357.0,344.0,368.0,349.0,377.0,358.0,369.0,373.0,358.0,380.0,350.0,380.0,341.0,378.0,330.0,371.0,327.0,355.0,342.0,352.0,350.0,353.0,357.0,353.0,371.0,358.0,357.0,365.0,350.0,366.0,342.0,364.0,31.0,352.0,265.0,352.0,282.0,352.0,298.0,352.0,315.0,334.0,324.0,342.0,327.0,352.0,330.0,361.0,328.0,369.0,326.0,294.0,267.0,305.0,262.0,317.0,263.0,329.0,270.0,317.0,274.0,304.0,274.0,276.0,237.0,289.0,229.0,306.0,229.0,322.0,234.0,336.0,242.0,0,1
31,261.0,253.0,263.0,279.0,390.0,385.0,406.0,370.0,418.0,351.0,424.0,329.0,428.0,306.0,431.0,281.0,432.0,256.0,265.0,304.0,270.0,328.0,278.0,350.0,292.0,370.0,311.0,386.0,330.0,399.0,351.0,403.0,372.0,399.0,371.0,271.0,382.0,263.0,395.0,263.0,405.0,268.0,396.0,275.0,383.0,275.0,366.0,242.0,381.0,233.0,397.0,228.0,414.0,229.0,425.0,240.0,321.0,353.0,330.0,346.0,342.0,342.0,350.0,344.0,356.0,343.0,368.0,349.0,375.0,358.0,368.0,375.0,357.0,381.0,349.0,381.0,341.0,380.0,329.0,371.0,327.0,354.0,342.0,351.0,350.0,352.0,357.0,353.0,369.0,359.0,356.0,367.0,349.0,367.0,341.0,365.0,32.0,352.0,265.0,353.0,281.0,353.0,298.0,353.0,314.0,334.0,323.0,343.0,326.0,352.0,329.0,361.0,327.0,369.0,325.0,295.0,267.0,305.0,263.0,318.0,263.0,329.0,270.0,317.0,274.0,304.0,274.0,274.0,239.0,287.0,229.0,305.0,229.0,322.0,235.0,338.0,243.0,0,1
32,261.0,254.0,263.0,280.0,387.0,387.0,404.0,373.0,416.0,354.0,424.0,333.0,428.0,309.0,431.0,284.0,433.0,259.0,266.0,304.0,269.0,328.0,277.0,350.0,290.0,369.0,308.0,385.0,326.0,398.0,348.0,403.0,369.0,400.0,371.0,271.0,381.0,264.0,394.0,264.0,404.0,268.0,395.0,275.0,383.0,275.0,365.0,243.0,380.0,234.0,397.0,229.0,414.0,230.0,425.0,241.0,316.0,349.0,326.0,343.0,339.0,340.0,346.0,342.0,354.0,342.0,366.0,347.0,376.0,357.0,366.0,374.0,354.0,379.0,345.0,379.0,337.0,377.0,325.0,367.0,322.0,350.0,339.0,346.0,347.0,348.0,354.0,349.0,369.0,357.0,353.0,365.0,346.0,365.0,338.0,362.0,33.0,352.0,264.0,352.0,281.0,352.0,297.0,352.0,314.0,333.0,321.0,341.0,324.0,350.0,328.0,359.0,326.0,367.0,324.0,295.0,267.0,305.0,263.0,317.0,263.0,328.0,270.0,316.0,273.0,304.0,273.0,274.0,240.0,287.0,230.0,305.0,231.0,322.0,236.0,338.0,244.0,0,1
33,261.0,254.0,263.0,279.0,389.0,384.0,406.0,369.0,418.0,351.0,424.0,329.0,428.0,306.0,430.0,282.0,432.0,257.0,266.0,304.0,269.0,328.0,277.0,349.0,292.0,368.0,310.0,383.0,329.0,396.0,350.0,401.0,371.0,397.0,372.0,271.0,382.0,265.0,395.0,265.0,405.0,268.0,396.0,275.0,383.0,275.0,365.0,243.0,380.0,234.0,397.0,229.0,414.0,230.0,425.0,241.0,313.0,346.0,326.0,342.0,339.0,339.0,347.0,342.0,355.0,341.0,367.0,346.0,378.0,354.0,367.0,371.0,355.0,377.0,346.0,376.0,337.0,374.0,324.0,365.0,319.0,347.0,339.0,347.0,347.0,349.0,355.0,349.0,371.0,355.0,354.0,362.0,346.0,362.0,338.0,360.0,34.0,353.0,264.0,353.0,281.0,353.0,298.0,352.0,314.0,333.0,321.0,342.0,324.0,351.0,327.0,360.0,326.0,368.0,324.0,295.0,267.0,305.0,264.0,317.0,264.0,328.0,270.0,316.0,273.0,304.0,273.0,273.0,240.0,286.0,230.0,304.0,230.0,321.0,235.0,338.0,243.0,0,1
34,260.0,254.0,262.0,279.0,388.0,385.0,405.0,371.0,417.0,352.0,424.0,330.0,427.0,307.0,431.0,282.0,434.0,256.0,265.0,303.0,269.0,327.0,276.0,349.0,289.0,367.0,306.0,382.0,326.0,395.0,347.0,400.0,369.0,397.0,371.0,271.0,382.0,265.0,394.0,265.0,405.0,269.0,395.0,274.0,383.0,274.0,366.0,243.0,380.0,235.0,395.0,231.0,411.0,232.0,422.0,241.0,311.0,343.0,324.0,339.0,337.0,338.0,347.0,341.0,356.0,340.0,369.0,345.0,381.0,353.0,369.0,370.0,355.0,375.0,345.0,375.0,334.0,372.0,322.0,363.0,317.0,344.0,337.0,343.0,347.0,345.0,356.0,346.0,374.0,353.0,355.0,362.0,345.0,362.0,335.0,359.0,35.0,352.0,263.0,352.0,281.0,352.0,298.0,351.0,315.0,332.0,319.0,341.0,324.0,350.0,328.0,360.0,326.0,368.0,324.0,294.0,266.0,305.0,264.0,316.0,264.0,327.0,269.0,315.0,272.0,304.0,271.0,273.0,240.0,287.0,230.0,305.0,231.0,321.0,236.0,337.0,243.0,0,1
35,260.0,257.0,263.0,281.0,390.0,384.0,406.0,370.0,419.0,351.0,425.0,330.0,428.0,307.0,431.0,283.0,433.0,257.0,266.0,304.0,269.0,327.0,276.0,349.0,289.0,367.0,306.0,382.0,326.0,394.0,348.0,399.0,370.0,396.0,371.0,272.0,382.0,266.0,394.0,266.0,405.0,269.0,395.0,275.0,383.0,275.0,366.0,242.0,381.0,235.0,396.0,231.0,412.0,232.0,423.0,241.0,311.0,341.0,324.0,337.0,337.0,337.0,347.0,340.0,356.0,340.0,369.0,345.0,381.0,351.0,369.0,368.0,355.0,373.0,344.0,373.0,334.0,369.0,321.0,361.0,316.0,343.0,337.0,342.0,347.0,345.0,356.0,346.0,375.0,352.0,355.0,360.0,345.0,360.0,335.0,357.0,36.0,353.0,264.0,353.0,281.0,352.0,298.0,352.0,315.0,332.0,319.0,341.0,323.0,350.0,327.0,360.0,325.0,369.0,323.0,295.0,267.0,305.0,265.0,316.0,265.0,328.0,271.0,316.0,273.0,304.0,272.0,274.0,241.0,287.0,231.0,305.0,231.0,322.0,235.0,337.0,243.0,0,1
36,261.0,255.0,263.0,279.0,389.0,384.0,406.0,369.0,419.0,351.0,425.0,331.0,428.0,308.0,431.0,284.0,433.0,260.0,265.0,303.0,268.0,327.0,276.0,348.0,289.0,367.0,307.0,382.0,326.0,395.0,348.0,400.0,370.0,397.0,372.0,272.0,383.0,265.0,395.0,265.0,405.0,269.0,396.0,275.0,384.0,275.0,365.0,243.0,381.0,235.0,397.0,230.0,414.0,231.0,425.0,243.0,310.0,341.0,324.0,339.0,338.0,338.0,347.0,341.0,356.0,340.0,370.0,344.0,382.0,351.0,369.0,368.0,355.0,373.0,345.0,373.0,335.0,370.0,321.0,362.0,315.0,344.0,338.0,344.0,347.0,346.0,356.0,347.0,376.0,352.0,355.0,360.0,346.0,360.0,336.0,357.0,37.0,353.0,264.0,353.0,281.0,353.0,297.0,352.0,313.0,332.0,319.0,341.0,323.0,351.0,327.0,360.0,325.0,369.0,323.0,294.0,267.0,304.0,264.0,316.0,265.0,327.0,271.0,315.0,273.0,303.0,272.0,274.0,241.0,286.0,231.0,305.0,231.0,322.0,236.0,338.0,244.0,0,1
37,261.0,255.0,263.0,280.0,391.0,384.0,407.0,369.0,419.0,350.0,425.0,329.0,428.0,306.0,432.0,282.0,434.0,257.0,266.0,303.0,268.0,326.0,276.0,347.0,289.0,366.0,307.0,382.0,327.0,394.0,349.0,399.0,371.0,396.0,372.0,271.0,383.0,266.0,395.0,266.0,405.0,269.0,396.0,274.0,384.0,274.0,366.0,243.0,381.0,235.0,396.0,232.0,413.0,233.0,424.0,242.0,310.0,340.0,324.0,337.0,338.0,336.0,348.0,339.0,357.0,339.0,371.0,343.0,383.0,349.0,370.0,367.0,356.0,372.0,346.0,372.0,335.0,369.0,321.0,361.0,315.0,342.0,338.0,342.0,348.0,345.0,357.0,345.0,377.0,351.0,356.0,359.0,346.0,359.0,336.0,357.0,38.0,353.0,264.0,353.0,280.0,353.0,297.0,353.0,314.0,332.0,318.0,341.0,322.0,351.0,326.0,360.0,325.0,369.0,322.0,295.0,266.0,305.0,264.0,317.0,265.0,328.0,270.0,316.0,272.0,304.0,271.0,275.0,242.0,289.0,232.0,307.0,232.0,323.0,236.0,339.0,244.0,0,1
38,261.0,257.0,263.0,281.0,390.0,385.0,407.0,370.0,419.0,351.0,426.0,330.0,429.0,307.0,432.0,283.0,435.0,258.0,266.0,304.0,269.0,327.0,276.0,348.0,289.0,367.0,307.0,382.0,326.0,394.0,349.0,400.0,371.0,396.0,372.0,271.0,383.0,265.0,395.0,265.0,406.0,268.0,396.0,274.0,384.0,274.0,367.0,243.0,382.0,235.0,398.0,231.0,413.0,233.0,425.0,243.0,309.0,338.0,323.0,335.0,337.0,335.0,347.0,339.0,358.0,338.0,372.0,342.0,384.0,349.0,371.0,367.0,356.0,372.0,345.0,371.0,334.0,368.0,320.0,359.0,314.0,340.0,337.0,341.0,347.0,344.0,358.0,344.0,378.0,350.0,356.0,359.0,346.0,359.0,335.0,356.0,39.0,354.0,264.0,353.0,280.0,353.0,297.0,353.0,314.0,331.0,317.0,341.0,322.0,351.0,326.0,361.0,324.0,370.0,322.0,295.0,266.0,306.0,263.0,317.0,264.0,328.0,270.0,316.0,271.0,305.0,271.0,274.0,243.0,288.0,233.0,306.0,232.0,323.0,237.0,339.0,244.0,0,1
39,262.0,256.0,264.0,280.0,391.0,384.0,407.0,368.0,419.0,350.0,426.0,329.0,428.0,306.0,431.0,282.0,434.0,257.0,266.0,304.0,269.0,328.0,276.0,349.0,289.0,367.0,307.0,382.0,327.0,394.0,349.0,399.0,371.0,396.0,373.0,271.0,384.0,265.0,396.0,265.0,406.0,268.0,397.0,273.0,385.0,274.0,368.0,242.0,382.0,235.0,397.0,232.0,413.0,233.0,425.0,242.0,310.0,338.0,323.0,335.0,337.0,334.0,348.0,338.0,358.0,337.0,371.0,341.0,383.0,348.0,371.0,365.0,357.0,370.0,346.0,370.0,334.0,367.0,321.0,359.0,314.0,340.0,337.0,341.0,348.0,343.0,358.0,344.0,378.0,349.0,356.0,358.0,346.0,358.0,335.0,355.0,40.0,353.0,264.0,353.0,280.0,353.0,296.0,352.0,313.0,332.0,317.0,341.0,321.0,351.0,325.0,361.0,323.0,369.0,321.0,295.0,266.0,306.0,264.0,317.0,264.0,328.0,270.0,316.0,271.0,305.0,271.0,276.0,243.0,289.0,234.0,307.0,233.0,323.0,237.0,339.0,244.0,0,1
40,261.0,258.0,263.0,282.0,392.0,383.0,408.0,368.0,420.0,349.0,426.0,328.0,428.0,305.0,431.0,282.0,433.0,259.0,266.0,305.0,269.0,327.0,276.0,348.0,290.0,367.0,308.0,382.0,328.0,394.0,350.0,399.0,372.0,395.0,373.0,271.0,384.0,265.0,395.0,264.0,406.0,268.0,397.0,273.0,385.0,273.0,368.0,243.0,382.0,236.0,397.0,232.0,413.0,233.0,425.0,242.0,309.0,338.0,323.0,335.0,338.0,334.0,348.0,338.0,358.0,336.0,372.0,340.0,384.0,347.0,372.0,364.0,357.0,370.0,347.0,369.0,336.0,367.0,321.0,358.0,314.0,340.0,338.0,340.0,348.0,343.0,358.0,343.0,378.0,348.0,357.0,358.0,347.0,358.0,336.0,355.0,41.0,354.0,264.0,354.0,280.0,354.0,297.0,353.0,313.0,333.0,317.0,342.0,321.0,352.0,325.0,361.0,323.0,370.0,320.0,296.0,266.0,307.0,264.0,318.0,264.0,329.0,270.0,317.0,272.0,306.0,271.0,275.0,245.0,288.0,235.0,306.0,234.0,323.0,238.0,338.0,245.0,0,1
41,262.0,257.0,263.0,281.0,392.0,382.0,408.0,368.0,420.0,350.0,426.0,328.0,429.0,306.0,432.0,282.0,434.0,258.0,266.0,304.0,269.0,327.0,277.0,349.0,290.0,367.0,308.0,382.0,328.0,393.0,351.0,398.0,373.0,394.0,373.0,271.0,384.0,264.0,396.0,264.0,406.0,267.0,397.0,272.0,385.0,273.0,367.0,246.0,381.0,239.0,396.0,234.0,411.0,234.0,424.0,242.0,310.0,339.0,324.0,336.0,338.0,334.0,349.0,337.0,359.0,336.0,373.0,340.0,384.0,347.0,373.0,364.0,358.0,369.0,347.0,369.0,336.0,367.0,322.0,359.0,315.0,341.0,338.0,340.0,349.0,342.0,359.0,343.0,379.0,348.0,358.0,357.0,348.0,358.0,337.0,355.0,42.0,354.0,266.0,354.0,281.0,354.0,297.0,354.0,313.0,333.0,317.0,342.0,321.0,352.0,325.0,362.0,323.0,370.0,320.0,295.0,266.0,306.0,264.0,317.0,265.0,328.0,270.0,316.0,272.0,305.0,271.0,276.0,246.0,290.0,238.0,307.0,238.0,324.0,242.0,340.0,249.0,0,1
42,261.0,258.0,263.0,281.0,392.0,381.0,409.0,366.0,420.0,348.0,426.0,327.0,428.0,304.0,431.0,281.0,433.0,257.0,266.0,303.0,269.0,326.0,276.0,347.0,288.0,366.0,306.0,380.0,327.0,393.0,350.0,398.0,372.0,394.0,375.0,271.0,385.0,265.0,396.0,265.0,407.0,268.0,398.0,272.0,386.0,273.0,369.0,250.0,381.0,241.0,396.0,237.0,411.0,237.0,422.0,246.0,311.0,339.0,325.0,335.0,339.0,334.0,349.0,338.0,360.0,336.0,373.0,340.0,383.0,347.0,372.0,363.0,358.0,369.0,347.0,369.0,336.0,366.0,322.0,358.0,316.0,340.0,339.0,340.0,350.0,343.0,360.0,343.0,378.0,348.0,358.0,357.0,348.0,357.0,337.0,354.0,43.0,354.0,266.0,354.0,282.0,354.0,298.0,354.0,315.0,334.0,318.0,343.0,322.0,353.0,325.0,362.0,323.0,371.0,321.0,296.0,268.0,307.0,266.0,317.0,266.0,328.0,271.0,317.0,272.0,306.0,271.0,276.0,251.0,290.0,243.0,307.0,244.0,324.0,248.0,340.0,254.0,0,1
43,261.0,260.0,264.0,283.0,391.0,383.0,407.0,368.0,419.0,349.0,425.0,328.0,428.0,305.0,430.0,282.0,431.0,258.0,266.0,305.0,269.0,328.0,276.0,349.0,289.0,367.0,307.0,382.0,328.0,394.0,350.0,399.0,372.0,395.0,375.0,271.0,385.0,265.0,396.0,265.0,406.0,268.0,397.0,272.0,386.0,273.0,368.0,253.0,380.0,244.0,394.0,239.0,409.0,239.0,420.0,247.0,311.0,340.0,325.0,335.0,340.0,335.0,350.0,338.0,360.0,337.0,373.0,341.0,383.0,348.0,372.0,365.0,358.0,370.0,347.0,370.0,336.0,368.0,322.0,360.0,316.0,341.0,339.0,341.0,350.0,343.0,360.0,343.0,377.0,349.0,358.0,358.0,348.0,359.0,337.0,356.0,44.0,354.0,267.0,355.0,283.0,355.0,298.0,355.0,314.0,335.0,318.0,344.0,322.0,354.0,325.0,363.0,323.0,371.0,320.0,297.0,269.0,307.0,267.0,317.0,267.0,328.0,271.0,317.0,273.0,306.0,272.0,277.0,254.0,291.0,246.0,307.0,247.0,323.0,251.0,339.0,256.0,0,1
44,262.0,262.0,264.0,284.0,390.0,386.0,407.0,370.0,419.0,351.0,425.0,329.0,427.0,306.0,431.0,283.0,432.0,259.0,268.0,307.0,271.0,329.0,277.0,351.0,290.0,369.0,307.0,385.0,327.0,399.0,349.0,404.0,371.0,400.0,375.0,272.0,385.0,264.0,397.0,263.0,407.0,268.0,398.0,274.0,386.0,274.0,369.0,253.0,381.0,246.0,395.0,240.0,410.0,240.0,422.0,247.0,314.0,348.0,327.0,341.0,342.0,339.0,352.0,341.0,361.0,340.0,374.0,344.0,384.0,352.0,374.0,371.0,360.0,377.0,350.0,378.0,339.0,376.0,325.0,368.0,319.0,349.0,342.0,345.0,352.0,347.0,361.0,347.0,379.0,353.0,360.0,364.0,350.0,365.0,340.0,363.0,45.0,354.0,268.0,355.0,283.0,355.0,298.0,355.0,314.0,337.0,320.0,345.0,323.0,354.0,327.0,363.0,324.0,371.0,321.0,298.0,269.0,309.0,264.0,321.0,264.0,331.0,271.0,320.0,274.0,308.0,273.0,280.0,252.0,294.0,247.0,310.0,247.0,325.0,250.0,340.0,256.0,0,1
45,262.0,260.0,264.0,284.0,389.0,388.0,406.0,372.0,418.0,352.0,425.0,330.0,428.0,306.0,431.0,282.0,433.0,257.0,268.0,308.0,273.0,331.0,281.0,352.0,294.0,371.0,311.0,388.0,330.0,402.0,351.0,406.0,372.0,402.0,375.0,272.0,385.0,265.0,397.0,264.0,407.0,269.0,398.0,274.0,386.0,274.0,369.0,255.0,382.0,247.0,397.0,242.0,412.0,240.0,424.0,247.0,317.0,351.0,329.0,344.0,343.0,341.0,352.0,343.0,362.0,342.0,376.0,346.0,385.0,354.0,375.0,376.0,362.0,383.0,351.0,384.0,341.0,382.0,327.0,373.0,322.0,353.0,343.0,347.0,352.0,348.0,362.0,348.0,380.0,356.0,361.0,370.0,351.0,371.0,342.0,369.0,46.0,355.0,269.0,356.0,284.0,356.0,299.0,356.0,314.0,337.0,321.0,346.0,324.0,355.0,328.0,364.0,325.0,372.0,322.0,298.0,270.0,309.0,265.0,321.0,265.0,331.0,272.0,320.0,274.0,308.0,274.0,280.0,253.0,294.0,248.0,311.0,248.0,326.0,252.0,342.0,258.0,0,1
46,262.0,259.0,265.0,283.0,391.0,388.0,407.0,371.0,419.0,351.0,426.0,328.0,428.0,305.0,431.0,280.0,433.0,255.0,268.0,307.0,273.0,331.0,281.0,352.0,294.0,373.0,312.0,389.0,332.0,403.0,353.0,407.0,374.0,402.0,376.0,272.0,385.0,265.0,397.0,265.0,406.0,268.0,398.0,273.0,387.0,274.0,368.0,257.0,381.0,249.0,395.0,243.0,411.0,240.0,424.0,245.0,319.0,352.0,330.0,344.0,345.0,341.0,354.0,344.0,364.0,342.0,377.0,346.0,386.0,355.0,377.0,376.0,364.0,383.0,354.0,384.0,343.0,382.0,329.0,374.0,323.0,353.0,345.0,347.0,354.0,349.0,364.0,349.0,382.0,356.0,364.0,370.0,354.0,371.0,343.0,369.0,47.0,356.0,270.0,356.0,285.0,357.0,300.0,357.0,315.0,339.0,322.0,347.0,326.0,357.0,328.0,365.0,326.0,373.0,323.0,299.0,272.0,309.0,268.0,321.0,267.0,331.0,272.0,320.0,275.0,309.0,275.0,280.0,253.0,295.0,248.0,311.0,250.0,327.0,254.0,343.0,260.0,0,1
47,261.0,258.0,265.0,283.0,394.0,389.0,409.0,372.0,420.0,351.0,427.0,328.0,429.0,303.0,432.0,278.0,434.0,254.0,268.0,307.0,273.0,331.0,281.0,353.0,295.0,374.0,313.0,391.0,334.0,405.0,356.0,409.0,377.0,404.0,376.0,272.0,386.0,266.0,397.0,265.0,407.0,268.0,399.0,273.0,387.0,273.0,369.0,257.0,382.0,249.0,396.0,243.0,412.0,238.0,426.0,244.0,321.0,356.0,332.0,348.0,346.0,343.0,356.0,346.0,366.0,344.0,379.0,348.0,388.0,356.0,379.0,376.0,367.0,384.0,356.0,385.0,345.0,384.0,331.0,376.0,326.0,357.0,346.0,351.0,357.0,351.0,366.0,351.0,383.0,357.0,366.0,370.0,356.0,371.0,346.0,370.0,48.0,356.0,270.0,356.0,285.0,357.0,300.0,358.0,316.0,340.0,324.0,348.0,327.0,358.0,329.0,366.0,327.0,374.0,324.0,299.0,273.0,309.0,271.0,320.0,270.0,331.0,273.0,320.0,276.0,309.0,277.0,278.0,253.0,294.0,248.0,311.0,251.0,327.0,255.0,343.0,260.0,0,1
48,262.0,260.0,265.0,285.0,396.0,389.0,410.0,373.0,421.0,351.0,427.0,328.0,429.0,304.0,432.0,279.0,433.0,254.0,269.0,309.0,273.0,333.0,282.0,356.0,296.0,376.0,315.0,393.0,336.0,405.0,358.0,409.0,379.0,404.0,377.0,271.0,386.0,265.0,398.0,265.0,407.0,268.0,399.0,273.0,388.0,274.0,368.0,258.0,382.0,251.0,396.0,244.0,412.0,239.0,426.0,244.0,321.0,356.0,332.0,346.0,346.0,343.0,357.0,345.0,367.0,343.0,381.0,346.0,390.0,356.0,381.0,375.0,368.0,382.0,357.0,384.0,346.0,383.0,331.0,375.0,326.0,356.0,346.0,348.0,357.0,349.0,367.0,349.0,385.0,357.0,367.0,370.0,357.0,372.0,346.0,370.0,49.0,356.0,270.0,357.0,285.0,357.0,301.0,358.0,316.0,340.0,325.0,349.0,327.0,358.0,330.0,366.0,327.0,374.0,325.0,299.0,272.0,310.0,269.0,321.0,268.0,331.0,273.0,321.0,275.0,310.0,276.0,279.0,253.0,294.0,248.0,311.0,250.0,327.0,255.0,344.0,260.0,0,1
49,260.0,259.0,265.0,284.0,401.0,387.0,415.0,369.0,424.0,348.0,428.0,325.0,430.0,302.0,432.0,277.0,432.0,252.0,270.0,309.0,274.0,333.0,283.0,356.0,298.0,376.0,318.0,393.0,340.0,405.0,363.0,408.0,384.0,402.0,376.0,271.0,385.0,266.0,397.0,265.0,407.0,268.0,398.0,273.0,387.0,273.0,367.0,258.0,381.0,250.0,396.0,243.0,412.0,239.0,426.0,244.0,324.0,355.0,335.0,347.0,349.0,343.0,360.0,345.0,371.0,342.0,384.0,345.0,393.0,353.0,386.0,371.0,374.0,379.0,362.0,381.0,351.0,380.0,336.0,373.0,329.0,356.0,350.0,350.0,361.0,351.0,372.0,349.0,388.0,354.0,373.0,367.0,362.0,369.0,350.0,367.0,50.0,355.0,269.0,356.0,285.0,358.0,300.0,359.0,316.0,342.0,325.0,350.0,327.0,359.0,329.0,367.0,326.0,375.0,323.0,299.0,273.0,309.0,270.0,320.0,270.0,331.0,273.0,320.0,276.0,309.0,277.0,278.0,254.0,293.0,248.0,311.0,250.0,327.0,255.0,344.0,260.0,0,1
50,262.0,261.0,265.0,286.0,405.0,387.0,419.0,371.0,427.0,350.0,430.0,327.0,431.0,303.0,433.0,279.0,432.0,254.0,270.0,310.0,275.0,334.0,284.0,356.0,299.0,376.0,321.0,392.0,344.0,404.0,367.0,406.0,387.0,401.0,376.0,272.0,386.0,266.0,397.0,266.0,407.0,268.0,398.0,273.0,387.0,273.0,367.0,257.0,381.0,250.0,395.0,243.0,412.0,239.0,426.0,244.0,326.0,355.0,337.0,347.0,351.0,344.0,362.0,346.0,373.0,342.0,386.0,344.0,396.0,352.0,390.0,369.0,378.0,377.0,366.0,378.0,354.0,377.0,339.0,370.0,332.0,356.0,351.0,353.0,363.0,353.0,373.0,351.0,392.0,353.0,376.0,363.0,365.0,364.0,353.0,363.0,51.0,355.0,269.0,356.0,285.0,357.0,301.0,359.0,316.0,342.0,325.0,350.0,328.0,360.0,330.0,368.0,327.0,375.0,323.0,299.0,273.0,309.0,271.0,320.0,271.0,331.0,273.0,320.0,277.0,309.0,277.0,278.0,255.0,293.0,249.0,310.0,251.0,325.0,255.0,342.0,260.0,0,1
51,262.0,261.0,266.0,286.0,409.0,386.0,423.0,370.0,430.0,349.0,433.0,325.0,433.0,302.0,434.0,278.0,433.0,253.0,271.0,310.0,276.0,334.0,285.0,356.0,302.0,376.0,323.0,392.0,346.0,403.0,370.0,406.0,392.0,400.0,377.0,272.0,386.0,267.0,397.0,267.0,407.0,269.0,399.0,274.0,388.0,274.0,368.0,259.0,381.0,251.0,395.0,244.0,412.0,239.0,426.0,244.0,328.0,355.0,340.0,348.0,354.0,344.0,365.0,346.0,376.0,342.0,389.0,343.0,400.0,351.0,394.0,368.0,382.0,374.0,370.0,376.0,358.0,375.0,343.0,369.0,334.0,356.0,354.0,352.0,366.0,352.0,377.0,350.0,395.0,352.0,380.0,362.0,368.0,363.0,357.0,362.0,52.0,356.0,270.0,357.0,285.0,359.0,301.0,360.0,318.0,344.0,326.0,352.0,329.0,361.0,331.0,369.0,328.0,377.0,324.0,300.0,274.0,311.0,272.0,322.0,271.0,332.0,274.0,322.0,278.0,311.0,278.0,279.0,255.0,294.0,250.0,311.0,252.0,327.0,256.0,344.0,261.0,0,1
52,262.0,260.0,266.0,285.0,412.0,384.0,425.0,368.0,432.0,347.0,434.0,324.0,433.0,301.0,434.0,278.0,434.0,254.0,272.0,309.0,277.0,333.0,286.0,355.0,302.0,375.0,324.0,390.0,348.0,402.0,372.0,404.0,394.0,398.0,378.0,273.0,388.0,270.0,398.0,270.0,408.0,270.0,400.0,274.0,389.0,275.0,369.0,259.0,382.0,251.0,397.0,245.0,413.0,240.0,428.0,245.0,330.0,354.0,343.0,348.0,356.0,344.0,367.0,345.0,377.0,341.0,391.0,343.0,401.0,349.0,395.0,365.0,383.0,371.0,372.0,373.0,360.0,372.0,346.0,367.0,336.0,355.0,357.0,351.0,368.0,352.0,378.0,349.0,397.0,350.0,381.0,359.0,370.0,361.0,359.0,360.0,53.0,357.0,270.0,358.0,286.0,360.0,301.0,361.0,318.0,344.0,326.0,353.0,328.0,363.0,330.0,371.0,327.0,378.0,323.0,301.0,275.0,311.0,274.0,322.0,273.0,332.0,275.0,322.0,278.0,311.0,278.0,280.0,254.0,296.0,249.0,313.0,252.0,328.0,257.0,344.0,262.0,0,1
53,264.0,261.0,268.0,286.0,412.0,384.0,425.0,368.0,433.0,347.0,435.0,325.0,435.0,303.0,434.0,279.0,434.0,255.0,273.0,311.0,279.0,335.0,289.0,357.0,306.0,376.0,327.0,391.0,351.0,401.0,374.0,403.0,395.0,397.0,379.0,273.0,389.0,270.0,399.0,270.0,409.0,271.0,401.0,275.0,390.0,275.0,370.0,259.0,384.0,251.0,399.0,245.0,414.0,241.0,428.0,246.0,331.0,352.0,344.0,347.0,358.0,343.0,368.0,345.0,379.0,341.0,393.0,341.0,404.0,346.0,397.0,362.0,385.0,369.0,374.0,371.0,362.0,371.0,347.0,366.0,337.0,353.0,358.0,349.0,369.0,350.0,380.0,347.0,399.0,348.0,383.0,358.0,372.0,359.0,361.0,359.0,54.0,358.0,270.0,359.0,286.0,361.0,302.0,362.0,318.0,344.0,324.0,354.0,327.0,363.0,330.0,372.0,326.0,380.0,322.0,302.0,275.0,313.0,274.0,323.0,273.0,334.0,275.0,323.0,278.0,313.0,278.0,281.0,255.0,296.0,249.0,313.0,252.0,328.0,256.0,345.0,262.0,0,1
54,264.0,260.0,268.0,285.0,414.0,380.0,427.0,363.0,434.0,344.0,436.0,322.0,435.0,300.0,435.0,277.0,435.0,254.0,274.0,310.0,280.0,334.0,290.0,356.0,307.0,376.0,328.0,390.0,352.0,400.0,377.0,401.0,398.0,394.0,381.0,272.0,392.0,270.0,402.0,270.0,413.0,270.0,403.0,274.0,393.0,274.0,371.0,260.0,386.0,252.0,401.0,246.0,417.0,242.0,431.0,248.0,331.0,351.0,345.0,346.0,359.0,343.0,370.0,344.0,381.0,339.0,395.0,338.0,406.0,341.0,399.0,356.0,388.0,364.0,376.0,367.0,365.0,368.0,349.0,364.0,337.0,352.0,360.0,350.0,371.0,350.0,382.0,347.0,401.0,343.0,385.0,353.0,374.0,356.0,363.0,356.0,55.0,359.0,271.0,360.0,286.0,361.0,302.0,363.0,318.0,344.0,324.0,354.0,327.0,365.0,329.0,374.0,325.0,382.0,320.0,302.0,274.0,313.0,274.0,324.0,273.0,335.0,274.0,324.0,277.0,313.0,278.0,282.0,256.0,296.0,249.0,313.0,251.0,329.0,257.0,346.0,262.0,0,1
55,265.0,260.0,269.0,285.0,413.0,379.0,425.0,363.0,433.0,345.0,437.0,323.0,436.0,301.0,436.0,279.0,437.0,255.0,274.0,310.0,279.0,334.0,290.0,356.0,308.0,375.0,329.0,389.0,352.0,399.0,377.0,399.0,397.0,393.0,382.0,272.0,393.0,270.0,403.0,270.0,414.0,270.0,404.0,273.0,394.0,274.0,373.0,261.0,388.0,253.0,404.0,247.0,421.0,244.0,434.0,252.0,332.0,349.0,347.0,344.0,360.0,341.0,371.0,342.0,381.0,337.0,395.0,336.0,407.0,337.0,399.0,351.0,388.0,359.0,377.0,362.0,366.0,362.0,350.0,360.0,338.0,350.0,361.0,348.0,372.0,347.0,383.0,344.0,401.0,339.0,386.0,347.0,375.0,350.0,364.0,350.0,56.0,360.0,271.0,361.0,286.0,362.0,301.0,364.0,317.0,345.0,324.0,355.0,326.0,366.0,328.0,375.0,324.0,384.0,319.0,302.0,274.0,313.0,274.0,324.0,273.0,335.0,274.0,324.0,277.0,313.0,277.0,281.0,256.0,296.0,250.0,314.0,251.0,330.0,257.0,347.0,262.0,0,1
56,264.0,258.0,268.0,284.0,413.0,378.0,426.0,362.0,434.0,343.0,437.0,322.0,436.0,300.0,436.0,278.0,437.0,255.0,273.0,309.0,279.0,334.0,290.0,356.0,308.0,375.0,329.0,389.0,353.0,399.0,377.0,399.0,398.0,393.0,382.0,272.0,393.0,270.0,404.0,270.0,414.0,270.0,405.0,274.0,394.0,274.0,373.0,261.0,389.0,255.0,405.0,249.0,421.0,246.0,433.0,253.0,331.0,348.0,345.0,344.0,359.0,341.0,370.0,341.0,380.0,337.0,394.0,335.0,406.0,335.0,398.0,348.0,387.0,356.0,376.0,360.0,364.0,361.0,349.0,358.0,337.0,349.0,360.0,347.0,371.0,346.0,381.0,343.0,401.0,338.0,384.0,345.0,374.0,348.0,363.0,349.0,57.0,360.0,271.0,361.0,286.0,362.0,301.0,364.0,317.0,344.0,324.0,355.0,326.0,366.0,328.0,375.0,324.0,385.0,319.0,302.0,273.0,313.0,273.0,324.0,272.0,335.0,273.0,324.0,276.0,313.0,277.0,282.0,255.0,297.0,249.0,314.0,251.0,330.0,257.0,348.0,262.0,0,1
57,265.0,257.0,268.0,283.0,411.0,379.0,423.0,363.0,432.0,345.0,436.0,324.0,436.0,302.0,436.0,281.0,437.0,258.0,273.0,308.0,279.0,332.0,290.0,354.0,307.0,373.0,328.0,387.0,351.0,398.0,375.0,398.0,395.0,393.0,381.0,272.0,391.0,269.0,402.0,270.0,413.0,270.0,403.0,274.0,392.0,274.0,370.0,262.0,386.0,256.0,403.0,251.0,420.0,248.0,433.0,255.0,329.0,348.0,343.0,343.0,357.0,341.0,368.0,342.0,378.0,337.0,392.0,335.0,404.0,336.0,396.0,349.0,385.0,357.0,374.0,360.0,362.0,361.0,347.0,358.0,335.0,349.0,358.0,347.0,369.0,347.0,379.0,343.0,398.0,338.0,382.0,346.0,372.0,349.0,361.0,349.0,58.0,360.0,270.0,361.0,285.0,362.0,300.0,363.0,316.0,343.0,323.0,353.0,326.0,365.0,328.0,374.0,324.0,383.0,319.0,302.0,272.0,313.0,271.0,324.0,271.0,335.0,273.0,324.0,276.0,313.0,276.0,282.0,255.0,297.0,249.0,315.0,252.0,331.0,257.0,349.0,262.0,0,1
58,264.0,258.0,268.0,284.0,411.0,378.0,423.0,362.0,432.0,344.0,436.0,323.0,435.0,302.0,435.0,280.0,436.0,257.0,273.0,309.0,279.0,333.0,290.0,355.0,307.0,374.0,328.0,388.0,350.0,398.0,375.0,398.0,395.0,392.0,381.0,272.0,391.0,268.0,402.0,269.0,412.0,270.0,403.0,274.0,392.0,274.0,368.0,263.0,385.0,257.0,401.0,251.0,418.0,248.0,432.0,255.0,330.0,348.0,345.0,344.0,358.0,342.0,368.0,342.0,378.0,338.0,390.0,335.0,403.0,335.0,395.0,347.0,384.0,356.0,374.0,359.0,363.0,360.0,348.0,358.0,336.0,349.0,359.0,348.0,369.0,347.0,379.0,343.0,398.0,337.0,382.0,345.0,372.0,348.0,362.0,349.0,59.0,359.0,270.0,360.0,285.0,361.0,301.0,363.0,316.0,343.0,324.0,353.0,326.0,364.0,328.0,374.0,324.0,383.0,319.0,302.0,272.0,313.0,270.0,325.0,269.0,336.0,272.0,324.0,276.0,313.0,276.0,282.0,255.0,297.0,249.0,315.0,252.0,331.0,257.0,349.0,263.0,0,1
59,264.0,257.0,268.0,283.0,410.0,378.0,422.0,362.0,430.0,344.0,434.0,323.0,433.0,301.0,434.0,279.0,434.0,257.0,272.0,308.0,278.0,333.0,289.0,354.0,306.0,374.0,326.0,388.0,349.0,398.0,374.0,398.0,395.0,392.0,378.0,272.0,389.0,267.0,400.0,268.0,410.0,270.0,401.0,274.0,390.0,274.0,367.0,262.0,384.0,256.0,400.0,251.0,417.0,248.0,430.0,254.0,330.0,347.0,344.0,345.0,357.0,342.0,367.0,342.0,377.0,338.0,389.0,335.0,403.0,334.0,394.0,348.0,383.0,356.0,373.0,359.0,362.0,360.0,347.0,358.0,336.0,349.0,358.0,348.0,368.0,347.0,378.0,343.0,397.0,337.0,381.0,345.0,371.0,348.0,361.0,349.0,60.0,358.0,270.0,359.0,285.0,360.0,301.0,362.0,316.0,342.0,324.0,352.0,326.0,363.0,328.0,373.0,324.0,382.0,319.0,302.0,272.0,312.0,269.0,324.0,269.0,336.0,273.0,324.0,276.0,312.0,276.0,281.0,255.0,296.0,248.0,314.0,251.0,330.0,257.0,347.0,262.0,0,1
60,265.0,258.0,268.0,283.0,410.0,378.0,422.0,361.0,431.0,343.0,434.0,323.0,433.0,302.0,434.0,281.0,434.0,258.0,273.0,308.0,278.0,332.0,288.0,354.0,304.0,374.0,324.0,389.0,347.0,398.0,372.0,398.0,394.0,392.0,379.0,270.0,389.0,266.0,401.0,266.0,411.0,268.0,401.0,272.0,390.0,272.0,367.0,263.0,383.0,257.0,399.0,251.0,416.0,248.0,430.0,255.0,327.0,348.0,341.0,344.0,354.0,342.0,365.0,343.0,375.0,338.0,388.0,335.0,401.0,335.0,393.0,348.0,382.0,356.0,371.0,359.0,359.0,360.0,344.0,359.0,333.0,349.0,355.0,348.0,366.0,347.0,376.0,344.0,395.0,337.0,379.0,345.0,368.0,348.0,358.0,349.0,61.0,357.0,269.0,358.0,285.0,359.0,300.0,360.0,316.0,341.0,323.0,351.0,326.0,362.0,328.0,371.0,324.0,380.0,318.0,300.0,271.0,311.0,268.0,323.0,268.0,334.0,272.0,322.0,274.0,311.0,275.0,279.0,256.0,294.0,249.0,312.0,251.0,328.0,257.0,345.0,262.0,0,1
61,264.0,258.0,267.0,283.0,406.0,380.0,419.0,364.0,429.0,345.0,432.0,324.0,432.0,302.0,433.0,281.0,434.0,258.0,272.0,308.0,276.0,332.0,284.0,354.0,299.0,374.0,318.0,389.0,341.0,399.0,366.0,401.0,388.0,394.0,377.0,273.0,388.0,268.0,399.0,269.0,409.0,271.0,400.0,274.0,389.0,274.0,366.0,264.0,382.0,258.0,397.0,252.0,414.0,248.0,428.0,254.0,321.0,347.0,336.0,345.0,350.0,343.0,360.0,344.0,370.0,341.0,383.0,339.0,395.0,339.0,385.0,354.0,374.0,361.0,363.0,364.0,353.0,365.0,337.0,361.0,327.0,349.0,351.0,349.0,361.0,349.0,371.0,347.0,389.0,341.0,372.0,351.0,362.0,353.0,352.0,353.0,62.0,356.0,270.0,357.0,285.0,358.0,301.0,358.0,317.0,339.0,323.0,349.0,326.0,359.0,329.0,369.0,325.0,378.0,321.0,299.0,272.0,310.0,269.0,321.0,269.0,332.0,273.0,321.0,275.0,310.0,275.0,279.0,256.0,294.0,249.0,312.0,252.0,329.0,258.0,346.0,264.0,0,1
62,262.0,257.0,265.0,282.0,398.0,383.0,414.0,367.0,424.0,347.0,428.0,325.0,429.0,303.0,432.0,280.0,434.0,256.0,269.0,306.0,272.0,330.0,279.0,352.0,292.0,372.0,311.0,387.0,332.0,399.0,357.0,403.0,380.0,397.0,374.0,273.0,385.0,269.0,396.0,269.0,406.0,272.0,397.0,276.0,386.0,276.0,364.0,264.0,379.0,258.0,395.0,252.0,412.0,249.0,426.0,256.0,316.0,348.0,330.0,345.0,344.0,343.0,354.0,345.0,363.0,342.0,376.0,344.0,387.0,347.0,377.0,362.0,365.0,368.0,354.0,369.0,344.0,369.0,330.0,364.0,321.0,350.0,344.0,348.0,354.0,349.0,364.0,347.0,382.0,349.0,364.0,357.0,354.0,359.0,344.0,358.0,63.0,354.0,271.0,354.0,286.0,355.0,301.0,355.0,317.0,336.0,323.0,345.0,326.0,355.0,329.0,364.0,326.0,373.0,323.0,296.0,271.0,307.0,269.0,318.0,269.0,329.0,273.0,318.0,275.0,306.0,275.0,276.0,257.0,291.0,250.0,309.0,252.0,326.0,258.0,343.0,264.0,0,1
63,262.0,258.0,265.0,283.0,394.0,384.0,410.0,368.0,420.0,349.0,426.0,327.0,428.0,304.0,430.0,281.0,432.0,257.0,268.0,307.0,271.0,331.0,277.0,353.0,289.0,373.0,307.0,389.0,328.0,401.0,352.0,404.0,375.0,399.0,373.0,274.0,382.0,269.0,393.0,269.0,403.0,272.0,394.0,276.0,383.0,276.0,362.0,264.0,378.0,259.0,393.0,252.0,410.0,248.0,424.0,255.0,313.0,351.0,326.0,349.0,340.0,348.0,350.0,350.0,359.0,348.0,370.0,348.0,381.0,351.0,371.0,363.0,359.0,369.0,349.0,370.0,339.0,370.0,325.0,365.0,318.0,353.0,340.0,354.0,350.0,355.0,359.0,354.0,375.0,353.0,359.0,358.0,349.0,360.0,340.0,359.0,64.0,352.0,272.0,352.0,287.0,352.0,302.0,352.0,318.0,334.0,325.0,342.0,328.0,352.0,331.0,361.0,328.0,369.0,325.0,296.0,273.0,306.0,270.0,317.0,270.0,327.0,274.0,316.0,277.0,306.0,277.0,276.0,257.0,291.0,251.0,308.0,254.0,324.0,259.0,341.0,265.0,0,1
64,261.0,259.0,263.0,283.0,391.0,386.0,408.0,370.0,419.0,351.0,424.0,329.0,426.0,306.0,429.0,283.0,430.0,259.0,266.0,307.0,268.0,331.0,274.0,353.0,286.0,373.0,304.0,388.0,325.0,401.0,349.0,404.0,372.0,400.0,370.0,275.0,379.0,270.0,391.0,270.0,400.0,273.0,391.0,277.0,380.0,277.0,360.0,264.0,376.0,259.0,391.0,252.0,408.0,249.0,421.0,255.0,311.0,352.0,324.0,349.0,338.0,347.0,347.0,349.0,356.0,346.0,368.0,348.0,378.0,353.0,367.0,364.0,356.0,369.0,346.0,370.0,336.0,370.0,323.0,366.0,316.0,353.0,338.0,354.0,348.0,355.0,356.0,354.0,372.0,354.0,355.0,358.0,347.0,359.0,337.0,359.0,65.0,349.0,273.0,350.0,288.0,350.0,303.0,350.0,318.0,332.0,325.0,340.0,329.0,349.0,332.0,358.0,329.0,366.0,326.0,294.0,275.0,304.0,272.0,315.0,271.0,325.0,275.0,314.0,278.0,304.0,278.0,273.0,259.0,288.0,252.0,305.0,254.0,321.0,260.0,338.0,265.0,0,1
65,259.0,260.0,261.0,285.0,387.0,387.0,404.0,372.0,416.0,352.0,422.0,330.0,425.0,307.0,427.0,283.0,429.0,259.0,264.0,309.0,266.0,332.0,272.0,354.0,284.0,374.0,301.0,389.0,322.0,401.0,345.0,405.0,368.0,400.0,368.0,275.0,378.0,270.0,389.0,270.0,399.0,272.0,390.0,277.0,379.0,277.0,357.0,264.0,373.0,258.0,388.0,252.0,405.0,248.0,418.0,255.0,309.0,353.0,323.0,349.0,337.0,347.0,346.0,349.0,355.0,346.0,367.0,348.0,377.0,353.0,366.0,363.0,354.0,368.0,345.0,370.0,335.0,369.0,322.0,365.0,315.0,354.0,336.0,354.0,346.0,355.0,355.0,354.0,371.0,354.0,354.0,358.0,345.0,359.0,335.0,359.0,66.0,347.0,273.0,347.0,288.0,348.0,303.0,348.0,318.0,329.0,326.0,338.0,329.0,347.0,331.0,356.0,329.0,365.0,326.0,291.0,275.0,301.0,272.0,312.0,271.0,323.0,276.0,311.0,279.0,300.0,279.0,271.0,260.0,285.0,253.0,302.0,255.0,318.0,260.0,335.0,265.0,0,1
66,258.0,260.0,259.0,284.0,385.0,387.0,402.0,371.0,414.0,352.0,420.0,329.0,423.0,305.0,425.0,282.0,427.0,257.0,262.0,308.0,264.0,332.0,270.0,354.0,282.0,374.0,300.0,390.0,320.0,403.0,344.0,406.0,367.0,401.0,366.0,274.0,376.0,269.0,387.0,270.0,396.0,272.0,388.0,276.0,377.0,276.0,355.0,264.0,371.0,258.0,386.0,252.0,403.0,248.0,418.0,254.0,308.0,354.0,322.0,349.0,335.0,348.0,343.0,350.0,352.0,348.0,364.0,350.0,374.0,354.0,363.0,365.0,352.0,370.0,342.0,371.0,333.0,370.0,320.0,366.0,314.0,355.0,335.0,355.0,343.0,356.0,352.0,355.0,368.0,355.0,351.0,359.0,342.0,361.0,334.0,360.0,67.0,344.0,273.0,345.0,287.0,345.0,302.0,346.0,318.0,326.0,325.0,335.0,328.0,345.0,331.0,354.0,329.0,362.0,326.0,290.0,275.0,300.0,272.0,311.0,272.0,320.0,275.0,310.0,278.0,300.0,279.0,270.0,259.0,284.0,253.0,302.0,255.0,318.0,260.0,334.0,265.0,0,1
67,256.0,261.0,258.0,285.0,383.0,389.0,400.0,371.0,412.0,351.0,418.0,328.0,421.0,305.0,423.0,280.0,425.0,255.0,260.0,309.0,263.0,332.0,269.0,354.0,281.0,375.0,297.0,392.0,317.0,405.0,341.0,408.0,364.0,403.0,363.0,274.0,373.0,269.0,384.0,269.0,394.0,271.0,385.0,276.0,374.0,276.0,353.0,263.0,368.0,257.0,383.0,251.0,400.0,247.0,415.0,253.0,306.0,355.0,318.0,350.0,332.0,347.0,340.0,349.0,348.0,347.0,360.0,349.0,370.0,355.0,360.0,367.0,348.0,373.0,339.0,374.0,330.0,374.0,317.0,369.0,311.0,356.0,332.0,354.0,340.0,355.0,348.0,354.0,364.0,356.0,348.0,362.0,339.0,363.0,331.0,363.0,68.0,342.0,273.0,342.0,288.0,343.0,302.0,343.0,317.0,324.0,325.0,333.0,328.0,343.0,331.0,352.0,329.0,360.0,326.0,287.0,276.0,297.0,273.0,307.0,272.0,318.0,275.0,307.0,278.0,297.0,279.0,268.0,260.0,282.0,254.0,299.0,255.0,315.0,260.0,331.0,265.0,0,1
68,255.0,261.0,257.0,286.0,381.0,391.0,398.0,373.0,410.0,353.0,417.0,330.0,420.0,306.0,422.0,281.0,424.0,255.0,260.0,310.0,263.0,334.0,270.0,356.0,281.0,377.0,298.0,394.0,317.0,407.0,340.0,411.0,362.0,405.0,361.0,273.0,370.0,266.0,382.0,266.0,391.0,270.0,383.0,275.0,372.0,276.0,350.0,263.0,366.0,256.0,381.0,249.0,398.0,245.0,413.0,251.0,309.0,354.0,320.0,349.0,332.0,347.0,340.0,349.0,348.0,347.0,359.0,350.0,369.0,356.0,358.0,369.0,347.0,375.0,338.0,376.0,330.0,375.0,318.0,369.0,314.0,355.0,332.0,354.0,340.0,355.0,347.0,354.0,363.0,357.0,346.0,365.0,338.0,366.0,330.0,365.0,69.0,340.0,272.0,341.0,287.0,341.0,302.0,342.0,317.0,324.0,325.0,332.0,328.0,341.0,331.0,350.0,329.0,358.0,326.0,286.0,274.0,296.0,270.0,307.0,269.0,318.0,275.0,307.0,278.0,296.0,279.0,266.0,260.0,280.0,253.0,296.0,254.0,312.0,259.0,329.0,264.0,0,1
69,252.0,262.0,254.0,287.0,381.0,392.0,397.0,374.0,409.0,353.0,416.0,329.0,419.0,305.0,422.0,280.0,423.0,254.0,258.0,312.0,263.0,336.0,270.0,359.0,282.0,379.0,299.0,397.0,318.0,410.0,341.0,413.0,363.0,407.0,360.0,272.0,370.0,265.0,382.0,264.0,391.0,268.0,383.0,274.0,372.0,275.0,352.0,251.0,367.0,243.0,383.0,237.0,399.0,235.0,412.0,242.0,307.0,357.0,318.0,349.0,331.0,345.0,339.0,347.0,347.0,345.0,359.0,349.0,368.0,357.0,358.0,372.0,346.0,379.0,337.0,380.0,328.0,379.0,316.0,373.0,312.0,357.0,331.0,353.0,339.0,354.0,347.0,353.0,362.0,358.0,346.0,367.0,337.0,369.0,329.0,368.0,70.0,339.0,270.0,340.0,285.0,341.0,301.0,341.0,317.0,323.0,326.0,332.0,329.0,341.0,331.0,350.0,329.0,358.0,326.0,284.0,275.0,294.0,270.0,306.0,269.0,316.0,275.0,305.0,279.0,294.0,280.0,263.0,254.0,276.0,246.0,292.0,246.0,308.0,249.0,324.0,254.0,0,1
70,251.0,263.0,253.0,288.0,380.0,394.0,396.0,376.0,408.0,355.0,415.0,331.0,419.0,307.0,421.0,281.0,423.0,255.0,258.0,313.0,263.0,338.0,269.0,361.0,281.0,382.0,297.0,399.0,317.0,411.0,340.0,414.0,361.0,408.0,359.0,271.0,369.0,263.0,381.0,262.0,391.0,266.0,383.0,273.0,371.0,274.0,349.0,246.0,364.0,237.0,380.0,231.0,397.0,229.0,410.0,237.0,304.0,358.0,315.0,349.0,329.0,345.0,337.0,347.0,345.0,345.0,357.0,349.0,366.0,357.0,356.0,372.0,345.0,379.0,335.0,381.0,326.0,380.0,314.0,374.0,309.0,358.0,329.0,355.0,337.0,355.0,345.0,355.0,361.0,358.0,344.0,367.0,336.0,369.0,327.0,368.0,71.0,337.0,267.0,338.0,283.0,338.0,299.0,339.0,316.0,321.0,325.0,330.0,328.0,339.0,331.0,348.0,328.0,356.0,325.0,282.0,273.0,292.0,268.0,304.0,267.0,315.0,274.0,304.0,278.0,292.0,278.0,262.0,249.0,274.0,240.0,291.0,240.0,306.0,244.0,322.0,250.0,0,1
71,250.0,263.0,253.0,289.0,380.0,392.0,396.0,374.0,408.0,353.0,416.0,329.0,419.0,305.0,421.0,280.0,422.0,253.0,257.0,314.0,263.0,338.0,271.0,361.0,282.0,382.0,298.0,399.0,318.0,411.0,341.0,413.0,362.0,407.0,357.0,270.0,367.0,262.0,380.0,261.0,390.0,264.0,382.0,272.0,369.0,273.0,348.0,243.0,363.0,233.0,379.0,227.0,396.0,226.0,410.0,235.0,303.0,359.0,314.0,349.0,327.0,345.0,336.0,347.0,345.0,344.0,357.0,348.0,367.0,356.0,357.0,371.0,346.0,379.0,336.0,381.0,327.0,381.0,313.0,376.0,309.0,360.0,328.0,355.0,337.0,355.0,345.0,354.0,361.0,357.0,345.0,367.0,336.0,369.0,327.0,369.0,72.0,336.0,265.0,337.0,282.0,337.0,298.0,338.0,315.0,321.0,325.0,329.0,328.0,338.0,330.0,347.0,327.0,355.0,324.0,280.0,272.0,291.0,268.0,303.0,267.0,314.0,274.0,303.0,278.0,290.0,278.0,259.0,247.0,272.0,237.0,289.0,237.0,304.0,241.0,320.0,247.0,0,1
72,250.0,263.0,253.0,289.0,381.0,392.0,397.0,373.0,409.0,351.0,415.0,327.0,418.0,302.0,419.0,276.0,419.0,250.0,257.0,313.0,263.0,337.0,271.0,360.0,282.0,381.0,299.0,398.0,319.0,410.0,342.0,413.0,363.0,407.0,356.0,269.0,366.0,260.0,379.0,259.0,389.0,263.0,381.0,271.0,368.0,272.0,346.0,242.0,361.0,233.0,377.0,226.0,394.0,226.0,408.0,234.0,305.0,357.0,316.0,348.0,329.0,344.0,338.0,346.0,346.0,344.0,359.0,347.0,369.0,356.0,359.0,373.0,347.0,381.0,337.0,382.0,328.0,382.0,315.0,375.0,311.0,358.0,329.0,353.0,338.0,354.0,347.0,353.0,363.0,357.0,346.0,368.0,337.0,370.0,328.0,369.0,73.0,335.0,264.0,336.0,281.0,337.0,297.0,338.0,313.0,321.0,324.0,330.0,326.0,339.0,328.0,347.0,326.0,355.0,323.0,280.0,271.0,290.0,266.0,303.0,265.0,314.0,272.0,302.0,277.0,290.0,277.0,258.0,246.0,270.0,237.0,287.0,236.0,303.0,240.0,319.0,246.0,0,1
73,249.0,263.0,252.0,288.0,385.0,392.0,400.0,372.0,410.0,350.0,417.0,325.0,418.0,300.0,419.0,274.0,418.0,247.0,257.0,313.0,263.0,337.0,272.0,360.0,285.0,381.0,302.0,399.0,323.0,413.0,345.0,416.0,367.0,409.0,355.0,267.0,365.0,259.0,378.0,257.0,389.0,261.0,380.0,269.0,367.0,270.0,345.0,241.0,361.0,231.0,377.0,224.0,395.0,223.0,408.0,233.0,308.0,358.0,317.0,348.0,331.0,344.0,340.0,346.0,349.0,343.0,362.0,347.0,372.0,357.0,363.0,378.0,351.0,388.0,340.0,390.0,330.0,389.0,317.0,380.0,313.0,359.0,331.0,353.0,340.0,354.0,349.0,353.0,366.0,358.0,349.0,373.0,340.0,375.0,330.0,374.0,74.0,334.0,264.0,335.0,280.0,336.0,296.0,338.0,312.0,322.0,324.0,330.0,326.0,339.0,328.0,348.0,326.0,356.0,322.0,278.0,271.0,289.0,266.0,302.0,265.0,314.0,271.0,302.0,276.0,289.0,277.0,257.0,245.0,269.0,235.0,286.0,234.0,302.0,238.0,318.0,244.0,0,1
74,248.0,265.0,252.0,291.0,387.0,396.0,401.0,375.0,411.0,352.0,417.0,327.0,419.0,301.0,420.0,274.0,419.0,247.0,258.0,317.0,266.0,342.0,276.0,365.0,291.0,386.0,308.0,404.0,328.0,417.0,350.0,420.0,371.0,413.0,354.0,266.0,365.0,258.0,378.0,257.0,389.0,261.0,380.0,268.0,367.0,270.0,345.0,239.0,360.0,229.0,376.0,223.0,394.0,222.0,407.0,232.0,312.0,360.0,319.0,348.0,332.0,343.0,342.0,345.0,351.0,342.0,366.0,347.0,375.0,358.0,368.0,381.0,355.0,393.0,344.0,395.0,333.0,393.0,320.0,383.0,317.0,361.0,333.0,353.0,342.0,353.0,352.0,352.0,370.0,358.0,353.0,377.0,343.0,379.0,333.0,377.0,75.0,333.0,262.0,335.0,278.0,336.0,294.0,338.0,311.0,323.0,323.0,331.0,326.0,340.0,327.0,348.0,325.0,356.0,321.0,278.0,270.0,288.0,264.0,301.0,263.0,313.0,270.0,301.0,276.0,288.0,277.0,257.0,245.0,268.0,234.0,285.0,232.0,301.0,235.0,316.0,242.0,0,1
75,249.0,267.0,252.0,293.0,389.0,397.0,401.0,375.0,411.0,351.0,418.0,327.0,420.0,301.0,420.0,274.0,418.0,247.0,259.0,319.0,267.0,342.0,279.0,365.0,295.0,385.0,311.0,405.0,331.0,419.0,353.0,422.0,373.0,415.0,354.0,266.0,364.0,257.0,377.0,256.0,388.0,260.0,380.0,267.0,367.0,269.0,344.0,237.0,360.0,227.0,376.0,221.0,395.0,220.0,407.0,231.0,314.0,362.0,321.0,348.0,334.0,342.0,343.0,344.0,352.0,341.0,367.0,346.0,376.0,359.0,370.0,383.0,357.0,394.0,347.0,395.0,336.0,394.0,323.0,384.0,319.0,362.0,335.0,353.0,344.0,353.0,353.0,352.0,371.0,359.0,355.0,377.0,345.0,379.0,336.0,377.0,76.0,333.0,260.0,335.0,276.0,336.0,292.0,338.0,309.0,324.0,323.0,332.0,325.0,341.0,326.0,349.0,323.0,356.0,320.0,278.0,269.0,287.0,264.0,300.0,263.0,313.0,270.0,301.0,275.0,288.0,276.0,256.0,244.0,266.0,232.0,283.0,230.0,299.0,234.0,316.0,240.0,0,1
76,249.0,268.0,252.0,294.0,390.0,399.0,402.0,377.0,411.0,352.0,418.0,327.0,420.0,302.0,420.0,275.0,418.0,248.0,258.0,320.0,267.0,344.0,279.0,367.0,294.0,388.0,312.0,407.0,332.0,421.0,354.0,424.0,374.0,417.0,353.0,265.0,364.0,256.0,377.0,255.0,388.0,259.0,379.0,266.0,366.0,268.0,342.0,236.0,358.0,226.0,376.0,220.0,394.0,220.0,407.0,231.0,315.0,362.0,322.0,348.0,335.0,341.0,344.0,343.0,354.0,340.0,369.0,345.0,377.0,358.0,372.0,384.0,359.0,396.0,348.0,397.0,338.0,396.0,324.0,386.0,321.0,362.0,336.0,352.0,345.0,352.0,355.0,351.0,372.0,360.0,356.0,379.0,347.0,381.0,337.0,379.0,77.0,332.0,259.0,334.0,275.0,336.0,291.0,338.0,307.0,323.0,322.0,331.0,324.0,340.0,325.0,349.0,322.0,357.0,319.0,278.0,269.0,287.0,263.0,300.0,261.0,313.0,268.0,301.0,274.0,287.0,275.0,256.0,243.0,266.0,231.0,283.0,229.0,299.0,232.0,315.0,239.0,0,1
77,247.0,265.0,251.0,292.0,391.0,393.0,403.0,371.0,412.0,347.0,419.0,323.0,420.0,298.0,419.0,272.0,416.0,245.0,257.0,317.0,266.0,342.0,279.0,365.0,296.0,386.0,314.0,405.0,335.0,419.0,357.0,420.0,377.0,412.0,353.0,263.0,363.0,256.0,376.0,255.0,387.0,258.0,378.0,265.0,365.0,267.0,343.0,234.0,358.0,225.0,375.0,219.0,392.0,218.0,405.0,228.0,312.0,357.0,322.0,346.0,337.0,340.0,346.0,341.0,355.0,338.0,370.0,339.0,381.0,347.0,375.0,376.0,362.0,390.0,352.0,393.0,341.0,393.0,325.0,382.0,318.0,358.0,338.0,350.0,347.0,350.0,356.0,347.0,376.0,349.0,359.0,374.0,349.0,377.0,339.0,376.0,78.0,332.0,258.0,334.0,274.0,336.0,290.0,338.0,307.0,323.0,321.0,331.0,323.0,341.0,324.0,349.0,320.0,357.0,316.0,277.0,268.0,286.0,263.0,299.0,262.0,312.0,268.0,300.0,273.0,287.0,275.0,256.0,241.0,266.0,230.0,282.0,227.0,298.0,231.0,314.0,237.0,0,1
78,248.0,264.0,252.0,291.0,393.0,388.0,405.0,367.0,413.0,344.0,419.0,320.0,420.0,297.0,418.0,272.0,417.0,247.0,258.0,317.0,268.0,342.0,281.0,364.0,298.0,384.0,317.0,403.0,338.0,416.0,360.0,417.0,379.0,407.0,353.0,262.0,363.0,255.0,375.0,254.0,386.0,258.0,377.0,264.0,365.0,265.0,343.0,234.0,358.0,224.0,375.0,218.0,393.0,219.0,405.0,230.0,312.0,353.0,323.0,343.0,337.0,337.0,347.0,337.0,356.0,333.0,372.0,332.0,384.0,338.0,378.0,369.0,365.0,385.0,354.0,389.0,343.0,389.0,327.0,380.0,318.0,354.0,339.0,343.0,348.0,342.0,357.0,339.0,379.0,340.0,361.0,372.0,351.0,376.0,341.0,376.0,79.0,331.0,258.0,333.0,274.0,336.0,289.0,338.0,305.0,323.0,318.0,332.0,320.0,342.0,321.0,351.0,316.0,359.0,312.0,276.0,269.0,286.0,264.0,299.0,262.0,312.0,268.0,300.0,273.0,287.0,274.0,255.0,244.0,265.0,231.0,281.0,228.0,298.0,230.0,314.0,236.0,0,1
79,247.0,262.0,252.0,288.0,394.0,385.0,405.0,364.0,414.0,342.0,419.0,318.0,419.0,294.0,418.0,269.0,416.0,244.0,258.0,314.0,267.0,339.0,280.0,361.0,297.0,382.0,316.0,400.0,339.0,413.0,362.0,414.0,381.0,404.0,352.0,262.0,362.0,255.0,374.0,254.0,386.0,257.0,376.0,263.0,364.0,264.0,342.0,233.0,357.0,224.0,374.0,218.0,392.0,218.0,404.0,228.0,312.0,351.0,324.0,341.0,339.0,335.0,348.0,334.0,357.0,330.0,372.0,329.0,384.0,334.0,379.0,365.0,366.0,380.0,356.0,385.0,345.0,385.0,328.0,377.0,318.0,352.0,340.0,342.0,349.0,340.0,358.0,336.0,380.0,337.0,362.0,368.0,353.0,372.0,343.0,372.0,80.0,331.0,257.0,333.0,273.0,336.0,289.0,339.0,305.0,323.0,318.0,332.0,319.0,342.0,320.0,351.0,315.0,359.0,310.0,276.0,268.0,286.0,263.0,298.0,262.0,311.0,267.0,299.0,272.0,286.0,274.0,255.0,242.0,265.0,230.0,281.0,227.0,298.0,230.0,314.0,236.0,0,1
80,247.0,266.0,252.0,290.0,396.0,383.0,407.0,362.0,416.0,340.0,420.0,317.0,420.0,294.0,418.0,270.0,416.0,246.0,258.0,316.0,268.0,340.0,282.0,361.0,299.0,381.0,319.0,398.0,341.0,410.0,363.0,411.0,382.0,401.0,352.0,262.0,362.0,256.0,374.0,255.0,385.0,257.0,376.0,263.0,363.0,264.0,342.0,233.0,357.0,224.0,374.0,218.0,391.0,218.0,403.0,229.0,313.0,350.0,324.0,341.0,339.0,335.0,348.0,334.0,357.0,331.0,372.0,329.0,385.0,332.0,379.0,362.0,366.0,377.0,356.0,381.0,346.0,382.0,329.0,375.0,318.0,351.0,340.0,341.0,349.0,339.0,358.0,336.0,380.0,335.0,362.0,365.0,353.0,369.0,343.0,370.0,81.0,330.0,258.0,333.0,274.0,335.0,289.0,338.0,305.0,322.0,318.0,332.0,319.0,342.0,320.0,351.0,315.0,359.0,310.0,276.0,269.0,286.0,264.0,298.0,263.0,311.0,268.0,299.0,273.0,286.0,274.0,256.0,242.0,265.0,230.0,280.0,227.0,296.0,230.0,312.0,236.0,0,1
81,247.0,263.0,253.0,289.0,399.0,379.0,410.0,359.0,417.0,338.0,421.0,315.0,420.0,292.0,418.0,269.0,416.0,245.0,260.0,314.0,269.0,338.0,282.0,358.0,300.0,378.0,320.0,394.0,342.0,406.0,365.0,406.0,385.0,396.0,352.0,262.0,362.0,257.0,373.0,256.0,384.0,257.0,375.0,262.0,364.0,263.0,340.0,235.0,356.0,226.0,373.0,220.0,391.0,220.0,404.0,231.0,313.0,348.0,325.0,341.0,339.0,335.0,348.0,334.0,357.0,330.0,372.0,329.0,386.0,329.0,380.0,358.0,367.0,371.0,357.0,375.0,347.0,376.0,330.0,369.0,318.0,349.0,340.0,341.0,350.0,339.0,358.0,336.0,381.0,333.0,363.0,360.0,354.0,363.0,344.0,364.0,82.0,330.0,258.0,332.0,273.0,335.0,289.0,337.0,305.0,322.0,317.0,331.0,319.0,342.0,319.0,350.0,315.0,359.0,310.0,276.0,269.0,286.0,265.0,298.0,264.0,310.0,267.0,299.0,272.0,287.0,273.0,256.0,243.0,265.0,231.0,280.0,228.0,296.0,231.0,312.0,237.0,0,1
82,247.0,264.0,253.0,289.0,399.0,379.0,410.0,359.0,418.0,337.0,421.0,315.0,419.0,292.0,417.0,268.0,415.0,244.0,259.0,313.0,268.0,337.0,281.0,358.0,299.0,377.0,319.0,393.0,342.0,405.0,366.0,405.0,385.0,395.0,352.0,263.0,361.0,257.0,373.0,256.0,384.0,257.0,375.0,263.0,363.0,264.0,341.0,235.0,356.0,226.0,373.0,219.0,391.0,219.0,404.0,229.0,313.0,348.0,325.0,340.0,339.0,335.0,349.0,334.0,357.0,330.0,373.0,328.0,386.0,329.0,381.0,355.0,368.0,369.0,358.0,373.0,348.0,374.0,331.0,369.0,319.0,350.0,341.0,341.0,350.0,339.0,359.0,336.0,381.0,333.0,364.0,357.0,355.0,361.0,345.0,362.0,83.0,329.0,258.0,332.0,274.0,335.0,290.0,338.0,306.0,323.0,318.0,332.0,319.0,342.0,320.0,350.0,315.0,359.0,311.0,276.0,270.0,285.0,265.0,298.0,264.0,310.0,268.0,299.0,273.0,286.0,274.0,255.0,243.0,264.0,231.0,279.0,228.0,295.0,231.0,311.0,236.0,0,1
